date;weights
02/09/2018;0.147327529
02/09/2018;0.432255306
02/09/2018;0.307622845
02/09/2018;0.13119502
02/09/2018;0.22775583
02/09/2018;0.050004223
02/09/2018;0.06710154
02/09/2018;0.15820322
02/09/2018;0.10710403
02/09/2018;0.03632479
02/09/2018;0.000199516
02/09/2018;0.001207133
02/09/2018;0.01486664
02/09/2018;0.21514646
02/09/2018;0.0933551
02/09/2018;0.01438089
02/09/2018;0.03401722
02/09/2018;0.01580892
02/09/2018;0.02930717
02/09/2018;0.03263864
02/09/2018;0.05421485
02/09/2018;0.02628775
02/09/2018;0.02174942
02/09/2018;0.025959912
02/09/2018;0.027523119
02/09/2018;0.06486945
02/09/2018;0.033015917
02/09/2018;0.012326534
02/09/2018;0.0394267
02/09/2018;0.004059369
02/09/2018;0.008440725
02/09/2018;0.008863254
02/09/2018;0.03028298
02/09/2018;0.008781529
02/09/2018;0.004390146
02/09/2018;0.01581026
02/09/2018;0.01076642
02/09/2018;0.00920878
02/09/2018;0.004909175
02/09/2018;0.004013088
02/09/2018;0.004204338
02/09/2018;0.002141938
02/09/2018;0.001732263
02/09/2018;0.001675799
02/09/2018;0.005833219
02/09/2018;0.004857966
02/09/2018;0.01890475
02/09/2018;0.03528935
03/09/2018;0.0126727
03/09/2018;0.00846685
03/09/2018;0.002279774
03/09/2018;0.003501343
03/09/2018;0.01773925
03/09/2018;0.003711435
03/09/2018;0.001871292
03/09/2018;0.007332436
03/09/2018;0.001215319
03/09/2018;0.000524922
03/09/2018;9.91593E-05
03/09/2018;0.000161416
03/09/2018;0.000287543
03/09/2018;0.00744145
03/09/2018;0.01544875
03/09/2018;0.04299769
03/09/2018;0.0334777
03/09/2018;0.02314593
03/09/2018;0.03291353
03/09/2018;0.007199612
03/09/2018;0.00086058
03/09/2018;0.005140298
03/09/2018;0.002376386
03/09/2018;0.001451597
03/09/2018;0.002346384
03/09/2018;0.000609873
03/09/2018;0.012860775
03/09/2018;0.001850115
03/09/2018;0.002623198
03/09/2018;0.003482887
03/09/2018;0.00161216
03/09/2018;0.00299602
03/09/2018;0.001667363
03/09/2018;0.003207618
03/09/2018;0.00875001
03/09/2018;0.009017822
03/09/2018;0.01019358
03/09/2018;0.002701512
03/09/2018;0.00973436
03/09/2018;0.003657506
03/09/2018;0.00264004
03/09/2018;0.003164122
03/09/2018;0.00439648
03/09/2018;0.002612765
03/09/2018;0.001015839
03/09/2018;0.000430934
03/09/2018;0.000320648
03/09/2018;0.001401099
04/09/2018;9.32499E-06
04/09/2018;4.24625E-06
04/09/2018;3.18462E-05
04/09/2018;0.000537688
04/09/2018;0.000558791
04/09/2018;0.001173006
04/09/2018;0.00073661
04/09/2018;0.001162529
04/09/2018;0.003135767
04/09/2018;0.025283899
04/09/2018;0.02927004
04/09/2018;0.004650233
04/09/2018;0.002761571
04/09/2018;0.004580489
04/09/2018;0.015264016
04/09/2018;0.005093169
04/09/2018;0.013147044
04/09/2018;0.00976797
04/09/2018;0.003054113
04/09/2018;0.019756931
04/09/2018;0.07927237
04/09/2018;0.018214549
04/09/2018;0.00593389
04/09/2018;0.00032331
04/09/2018;0.003522206
04/09/2018;0.004314634
04/09/2018;0.000585363
04/09/2018;2.07795E-05
04/09/2018;6.77041E-05
04/09/2018;0.00432316
04/09/2018;0.02005787
04/09/2018;0.00462465
04/09/2018;0.00505537
04/09/2018;0.001143568
04/09/2018;0.003880943
04/09/2018;0.004470573
04/09/2018;0.002135593
04/09/2018;0.003337544
04/09/2018;0.00071034
04/09/2018;0.000646133
04/09/2018;0.005468665
04/09/2018;0.005470891
04/09/2018;0.004720985
04/09/2018;0.01632932
04/09/2018;0.01051886
04/09/2018;0.00843912
04/09/2018;0.003460795
04/09/2018;0.003457696
05/09/2018;0.00440449
05/09/2018;0.00476656
05/09/2018;0.000995833
05/09/2018;0.0023476
05/09/2018;0.00551252
05/09/2018;0.003310476
05/09/2018;0.000258399
05/09/2018;5.65392E-05
05/09/2018;0.001765483
05/09/2018;7.5448E-05
05/09/2018;8.4151E-05
05/09/2018;8.05793E-05
05/09/2018;0.000245027
05/09/2018;3.08876E-05
05/09/2018;4.01467E-05
05/09/2018;7.91504E-05
05/09/2018;7.67823E-05
05/09/2018;0.000363048
05/09/2018;6.5512E-06
05/09/2018;3.64845E-05
05/09/2018;5.85353E-05
05/09/2018;0.000328755
05/09/2018;6.00434E-05
05/09/2018;7.90559E-05
05/09/2018;0.001869173
05/09/2018;8.72534E-05
05/09/2018;0.000453502
05/09/2018;5.96293E-05
05/09/2018;2.05508E-06
05/09/2018;1.77804E-05
05/09/2018;0.000184885
05/09/2018;0.000719215
05/09/2018;0.000483244
05/09/2018;0.0011924
05/09/2018;5.29636E-06
05/09/2018;2.01578E-06
05/09/2018;5.31538E-06
05/09/2018;1.46694E-05
05/09/2018;4.00933E-05
05/09/2018;0.000114282
05/09/2018;2.30735E-05
05/09/2018;2.48927E-05
05/09/2018;5.41589E-05
05/09/2018;0.000327106
05/09/2018;6.89673E-05
05/09/2018;9.23316E-05
05/09/2018;0.000238065
05/09/2018;0.000219396
06/09/2018;0.000158775
06/09/2018;0.000166861
06/09/2018;3.42988E-06
06/09/2018;2.16361E-06
06/09/2018;2.62878E-05
06/09/2018;3.91376E-05
06/09/2018;1.46837E-05
06/09/2018;2.78268E-05
06/09/2018;1.07264E-05
06/09/2018;3.36662E-05
06/09/2018;2.85105E-05
06/09/2018;1.12576E-06
06/09/2018;1.64274E-06
06/09/2018;2.5351E-06
06/09/2018;2.18185E-05
06/09/2018;2.9236E-05
06/09/2018;0.000127013
06/09/2018;0.001921859
06/09/2018;0.001205916
06/09/2018;0.002796238
06/09/2018;0.001691386
06/09/2018;0.00011624
06/09/2018;0.001514874
06/09/2018;0.002606134
06/09/2018;0.004410446
06/09/2018;0.03408178
06/09/2018;0.0271855
06/09/2018;0.01576285
06/09/2018;0.001756034
06/09/2018;0.008938695
06/09/2018;0.07190672
06/09/2018;0.01411463
06/09/2018;0.019774893
06/09/2018;0.007646101
06/09/2018;0.023497038
06/09/2018;0.011153651
06/09/2018;0.006594697
06/09/2018;0.002281293
06/09/2018;0.002035862
06/09/2018;0.001617847
06/09/2018;0.000651071
06/09/2018;4.816E-05
06/09/2018;0.000798398
06/09/2018;0.001151924
06/09/2018;0.000307567
06/09/2018;0.000191457
06/09/2018;1.69296E-05
06/09/2018;0.000883041
07/09/2018;0.000212711
07/09/2018;0.000664779
07/09/2018;0.000868596
07/09/2018;0.000574957
07/09/2018;0.003308412
07/09/2018;0.000233804
07/09/2018;0.000435719
07/09/2018;0.001231261
07/09/2018;0.000133786
07/09/2018;0.000847103
07/09/2018;0.000226472
07/09/2018;0.001882266
07/09/2018;0.000551477
07/09/2018;0.000293871
07/09/2018;0.003183716
07/09/2018;4.95394E-05
07/09/2018;0.000429276
07/09/2018;0.001444457
07/09/2018;0.0024422
07/09/2018;0.005309284
07/09/2018;0.002188853
07/09/2018;3.13285E-05
07/09/2018;2.46006E-05
07/09/2018;6.47063E-05
07/09/2018;0.00021405
07/09/2018;0.000189341
07/09/2018;0.000555745
07/09/2018;0.001143927
07/09/2018;0.000931372
07/09/2018;0.000757149
07/09/2018;0.000100257
07/09/2018;0.000152679
07/09/2018;0.000618682
07/09/2018;0.000619916
07/09/2018;0.000864493
07/09/2018;0.000347029
07/09/2018;0.000541249
07/09/2018;0.000307763
07/09/2018;0.000866434
07/09/2018;0.000218008
07/09/2018;0.000115889
07/09/2018;0.000276961
07/09/2018;7.60964E-05
07/09/2018;2.29323E-05
07/09/2018;3.86506E-05
07/09/2018;2.34158E-05
07/09/2018;1.27742E-05
07/09/2018;1.17721E-05
08/09/2018;1.2531E-05
08/09/2018;1.02018E-05
08/09/2018;1.57227E-05
08/09/2018;1.59637E-05
08/09/2018;0.000101628
08/09/2018;2.09386E-05
08/09/2018;5.66744E-06
08/09/2018;5.86829E-06
08/09/2018;6.07883E-06
08/09/2018;1.24521E-05
08/09/2018;2.76623E-05
08/09/2018;6.87914E-07
08/09/2018;2.07663E-05
08/09/2018;2.98115E-05
08/09/2018;0.000127297
08/09/2018;0.000250504
08/09/2018;0.000305091
08/09/2018;0.000717639
08/09/2018;0.002980583
08/09/2018;0.005667123
08/09/2018;0.006222887
08/09/2018;0.010076672
08/09/2018;0.002068598
08/09/2018;0.001773997
08/09/2018;0.00484924
08/09/2018;0.00210446
08/09/2018;0.015460019
08/09/2018;0.12159809
08/09/2018;0.021610614
08/09/2018;0.038626275
08/09/2018;0.13371034
08/09/2018;0.04671859
08/09/2018;0.02179278
08/09/2018;0.00098297
08/09/2018;0.005845244
08/09/2018;0.00283155
08/09/2018;0.000588549
08/09/2018;0.001396479
08/09/2018;0.001937966
08/09/2018;0.000444348
08/09/2018;0.000577495
08/09/2018;0.000574318
08/09/2018;0.000298455
08/09/2018;0.0010227
08/09/2018;0.000324587
08/09/2018;0.001634136
08/09/2018;0.000235673
08/09/2018;0.000186804
09/09/2018;5.0967E-05
09/09/2018;4.8482E-05
09/09/2018;0.000128143
09/09/2018;6.07778E-05
09/09/2018;3.84747E-05
09/09/2018;1.47801E-05
09/09/2018;2.85972E-05
09/09/2018;1.57111E-07
09/09/2018;4.54565E-06
09/09/2018;3.75313E-06
09/09/2018;6.75157E-06
09/09/2018;1.43598E-07
09/09/2018;5.96017E-07
09/09/2018;2.83258E-07
09/09/2018;3.28909E-07
09/09/2018;1.61019E-05
09/09/2018;1.50861E-05
09/09/2018;0.000100435
09/09/2018;0.000179267
09/09/2018;0.00013274
09/09/2018;0.000126456
09/09/2018;9.05083E-05
09/09/2018;2.98707E-05
09/09/2018;7.28208E-05
09/09/2018;0.000225181
09/09/2018;9.6876E-05
09/09/2018;0.000250518
09/09/2018;0.000124159
09/09/2018;0.000323434
09/09/2018;1.01776E-05
09/09/2018;1.91224E-05
09/09/2018;8.69474E-05
09/09/2018;0.000189571
09/09/2018;0.004689556
09/09/2018;0.002104853
09/09/2018;0.001975724
09/09/2018;0.001079299
09/09/2018;0.000779016
09/09/2018;0.000130061
09/09/2018;0.000143245
09/09/2018;0.000317816
09/09/2018;0.000983074
09/09/2018;0.000527091
09/09/2018;0.000109603
09/09/2018;0.000118722
09/09/2018;4.69562E-05
09/09/2018;6.94921E-05
09/09/2018;0.000851627
10/09/2018;0.001034258
10/09/2018;0.000265375
10/09/2018;0.003101568
10/09/2018;0.001006054
10/09/2018;0.001304865
10/09/2018;0.000122709
10/09/2018;0.000222231
10/09/2018;0.000701391
10/09/2018;0.000326321
10/09/2018;0.000856119
10/09/2018;0.001256352
10/09/2018;0.001045892
10/09/2018;0.000199256
10/09/2018;9.34981E-05
10/09/2018;0.000625925
10/09/2018;0.00029738
10/09/2018;0.000282472
10/09/2018;0.000240895
10/09/2018;0.000517756
10/09/2018;0.001507407
10/09/2018;0.000372985
10/09/2018;0.000585814
10/09/2018;0.000317094
10/09/2018;0.00014853
10/09/2018;3.99237E-05
10/09/2018;0.000135664
10/09/2018;0.000310618
10/09/2018;0.000421602
10/09/2018;3.80249E-05
10/09/2018;0.000270857
10/09/2018;0.000350625
10/09/2018;0.000990818
10/09/2018;0.000826433
10/09/2018;2.19901E-05
10/09/2018;5.68117E-05
10/09/2018;0.000164306
10/09/2018;0.000263835
10/09/2018;0.000308931
10/09/2018;0.000254164
10/09/2018;9.55788E-07
10/09/2018;3.41502E-06
10/09/2018;3.12495E-05
10/09/2018;0.000382234
10/09/2018;0.000323751
10/09/2018;0.000235876
10/09/2018;0.000210599
10/09/2018;0.000265638
10/09/2018;0.001130657
11/09/2018;0.001731141
11/09/2018;0.002369843
11/09/2018;0.00219765
11/09/2018;0.000385848
11/09/2018;0.001734457
11/09/2018;0.000427747
11/09/2018;0.000609259
11/09/2018;0.000506451
11/09/2018;1.20637E-05
11/09/2018;6.12762E-05
11/09/2018;2.51683E-06
11/09/2018;1.58587E-05
11/09/2018;1.723E-05
11/09/2018;2.35605E-05
11/09/2018;2.46803E-05
11/09/2018;2.77991E-05
11/09/2018;8.13834E-05
11/09/2018;6.79368E-05
11/09/2018;0.000178797
11/09/2018;0.000317697
11/09/2018;6.03033E-05
11/09/2018;9.76209E-05
11/09/2018;7.68324E-05
11/09/2018;2.52674E-05
11/09/2018;7.42964E-05
11/09/2018;0.000117171
11/09/2018;0.00031242
11/09/2018;0.001083996
11/09/2018;0.000233425
11/09/2018;0.000978819
11/09/2018;0.001243329
11/09/2018;0.00058979
11/09/2018;3.10253E-06
11/09/2018;2.32178E-05
11/09/2018;0.000141266
11/09/2018;0.000138446
11/09/2018;0.000864011
11/09/2018;0.001130341
11/09/2018;0.000805007
11/09/2018;0.000406362
11/09/2018;0.003136439
11/09/2018;0.002102692
11/09/2018;0.000813294
11/09/2018;0.000474248
11/09/2018;0.000857542
11/09/2018;0.000884463
11/09/2018;0.001285533
11/09/2018;0.000521244
12/09/2018;0.000164678
12/09/2018;0.000106056
12/09/2018;7.68137E-05
12/09/2018;6.62011E-05
12/09/2018;3.1147E-05
12/09/2018;7.35854E-05
12/09/2018;3.61325E-05
12/09/2018;3.03785E-05
12/09/2018;3.14449E-05
12/09/2018;2.10575E-05
12/09/2018;3.10831E-05
12/09/2018;7.19732E-05
12/09/2018;1.59473E-06
12/09/2018;4.50636E-06
12/09/2018;6.57607E-07
12/09/2018;1.83866E-05
12/09/2018;1.66747E-05
12/09/2018;1.51653E-05
12/09/2018;1.35548E-05
12/09/2018;1.70266E-06
12/09/2018;6.71917E-06
12/09/2018;8.76283E-06
12/09/2018;2.33312E-05
12/09/2018;1.68945E-05
12/09/2018;3.19099E-05
12/09/2018;5.10526E-05
12/09/2018;0.000369662
12/09/2018;0.000101853
12/09/2018;0.001829962
12/09/2018;0.00388919
12/09/2018;0.004472209
12/09/2018;0.004063358
12/09/2018;0.002766082
12/09/2018;0.001936135
12/09/2018;0.002691101
12/09/2018;0.002997645
12/09/2018;0.00326888
12/09/2018;0.001317829
12/09/2018;0.000655875
12/09/2018;0.00023798
12/09/2018;0.001210241
12/09/2018;0.006205945
12/09/2018;0.036789576
12/09/2018;0.013681994
12/09/2018;0.024370157
12/09/2018;0.039817838
12/09/2018;0.016613305
12/09/2018;0.064291118
13/09/2018;0.004316975
13/09/2018;0.005165902
13/09/2018;0.00081593
13/09/2018;0.001419987
13/09/2018;0.000130938
13/09/2018;0.000901296
13/09/2018;0.000120435
13/09/2018;0.000815793
13/09/2018;0.002182097
13/09/2018;0.000107208
13/09/2018;0.000879163
13/09/2018;0.000279147
13/09/2018;0.005675861
13/09/2018;0.000594069
13/09/2018;0.002312783
13/09/2018;0.001518751
13/09/2018;0.000821266
13/09/2018;0.004532208
13/09/2018;0.00128907
13/09/2018;0.038212731
13/09/2018;0.007809131
13/09/2018;0.001465195
13/09/2018;0.004543559
13/09/2018;0.006059938
13/09/2018;0.004704395
13/09/2018;0.004390748
13/09/2018;0.001588244
13/09/2018;5.05866E-06
13/09/2018;1.454E-05
13/09/2018;6.81092E-05
13/09/2018;0.000604332
13/09/2018;0.00032766
13/09/2018;0.000546603
13/09/2018;1.27254E-05
13/09/2018;4.51473E-05
13/09/2018;4.33715E-05
13/09/2018;1.74412E-05
13/09/2018;4.75488E-06
13/09/2018;3.43376E-06
13/09/2018;0.000104782
13/09/2018;0.000242853
13/09/2018;0.000418282
13/09/2018;0.000431531
13/09/2018;0.000412075
13/09/2018;0.000594125
13/09/2018;0.000928813
13/09/2018;0.000639006
13/09/2018;0.000235323
14/09/2018;0.000427506
14/09/2018;3.18055E-05
14/09/2018;0.000280037
14/09/2018;0.000487655
14/09/2018;0.000286474
14/09/2018;0.00048624
14/09/2018;0.000412245
14/09/2018;0.001663843
14/09/2018;0.002977543
14/09/2018;0.008008744
14/09/2018;0.007855592
14/09/2018;0.040216857
14/09/2018;0.004624958
14/09/2018;0.008603166
14/09/2018;0.012165684
14/09/2018;0.004097705
14/09/2018;0.001970249
14/09/2018;0.000386689
14/09/2018;0.000583187
14/09/2018;0.000177362
14/09/2018;8.46228E-05
14/09/2018;0.000108334
14/09/2018;6.71327E-05
14/09/2018;0.000122828
14/09/2018;0.000672741
14/09/2018;0.000161532
14/09/2018;4.03058E-05
14/09/2018;0.000154226
14/09/2018;8.32314E-05
14/09/2018;3.76522E-05
14/09/2018;0.000132286
14/09/2018;9.35154E-05
14/09/2018;1.96104E-05
14/09/2018;1.91015E-05
14/09/2018;0.000100981
14/09/2018;2.24426E-05
14/09/2018;8.44322E-06
14/09/2018;2.23199E-06
14/09/2018;5.88354E-05
14/09/2018;0.000132871
14/09/2018;0.001497896
14/09/2018;0.000241008
14/09/2018;0.000872218
14/09/2018;0.001061394
14/09/2018;0.000136633
14/09/2018;0.00071983
14/09/2018;0.000575349
14/09/2018;0.000162341
15/09/2018;0.007060031
15/09/2018;0.00326007
15/09/2018;0.007444687
15/09/2018;0.01650724
15/09/2018;0.008695785
15/09/2018;0.044412661
15/09/2018;0.12823537
15/09/2018;0.05146057
15/09/2018;0.019175976
15/09/2018;0.015116029
15/09/2018;0.012958196
15/09/2018;0.009733213
15/09/2018;0.002452301
15/09/2018;0.001650553
15/09/2018;0.000500417
15/09/2018;0.002403463
15/09/2018;0.001341876
15/09/2018;0.000206048
15/09/2018;0.000578141
15/09/2018;0.001211391
15/09/2018;0.001037957
15/09/2018;0.001282316
15/09/2018;0.001202713
15/09/2018;5.65147E-07
15/09/2018;1.49496E-05
15/09/2018;1.06191E-05
15/09/2018;3.61739E-05
15/09/2018;0.000206781
15/09/2018;0.000297091
15/09/2018;0.000797207
15/09/2018;0.000454841
15/09/2018;0.000895607
15/09/2018;0.002391521
15/09/2018;0.002588847
15/09/2018;0.011106748
15/09/2018;0.006280389
15/09/2018;0.02468676
15/09/2018;0.01850488
15/09/2018;0.005788463
15/09/2018;0.00124907
15/09/2018;0.004081
15/09/2018;0.001009562
15/09/2018;0.000727605
15/09/2018;0.001462401
15/09/2018;0.001181661
15/09/2018;0.001385177
15/09/2018;0.000223716
15/09/2018;0.000117211
16/09/2018;9.42316E-05
16/09/2018;0.000162504
16/09/2018;6.10669E-05
16/09/2018;2.93629E-05
16/09/2018;0.000286112
16/09/2018;0.000281295
16/09/2018;4.49766E-05
16/09/2018;3.92216E-05
16/09/2018;4.9135E-06
16/09/2018;0.00014352
16/09/2018;8.628E-06
16/09/2018;1.91295E-05
16/09/2018;2.17762E-05
16/09/2018;9.45951E-06
16/09/2018;1.06396E-06
16/09/2018;3.76382E-06
16/09/2018;1.58606E-05
16/09/2018;8.84224E-05
16/09/2018;2.20694E-05
16/09/2018;6.5733E-06
16/09/2018;5.6461E-06
16/09/2018;5.05841E-05
16/09/2018;3.07266E-05
16/09/2018;1.03018E-05
16/09/2018;0.000295184
16/09/2018;4.24126E-05
16/09/2018;0.000101662
16/09/2018;0.000100466
16/09/2018;1.72273E-05
16/09/2018;0.000281512
16/09/2018;3.29137E-05
16/09/2018;2.44881E-05
16/09/2018;1.63869E-05
16/09/2018;1.02818E-06
16/09/2018;9.92579E-05
16/09/2018;0.000279538
16/09/2018;0.000293925
16/09/2018;0.002825433
16/09/2018;0.001102201
16/09/2018;0.00030159
16/09/2018;0.000505278
16/09/2018;0.000204871
16/09/2018;0.000979362
16/09/2018;0.003294074
16/09/2018;0.000741616
16/09/2018;0.000560301
16/09/2018;2.62649E-05
16/09/2018;0.000168637
17/09/2018;0.000117325
17/09/2018;0.000118285
17/09/2018;9.91148E-06
17/09/2018;0.000154263
17/09/2018;0.000577443
17/09/2018;1.11927E-05
17/09/2018;1.96613E-05
17/09/2018;4.51115E-05
17/09/2018;6.74078E-05
17/09/2018;7.23039E-05
17/09/2018;2.80337E-05
17/09/2018;0.000191381
17/09/2018;0.000119031
17/09/2018;0.000115987
17/09/2018;6.61972E-05
17/09/2018;9.30613E-05
17/09/2018;0.000222578
17/09/2018;0.000110777
17/09/2018;0.000346759
17/09/2018;7.85796E-05
17/09/2018;0.000344132
17/09/2018;0.000333355
17/09/2018;0.002377375
17/09/2018;0.001446222
17/09/2018;0.001811045
17/09/2018;0.002386051
17/09/2018;0.00015269
17/09/2018;4.42225E-05
17/09/2018;0.000639879
17/09/2018;0.000411663
17/09/2018;0.00027273
17/09/2018;0.000409805
17/09/2018;0.000386205
17/09/2018;0.000135334
17/09/2018;8.19704E-05
17/09/2018;6.23151E-05
17/09/2018;5.15227E-05
17/09/2018;0.000342406
17/09/2018;8.04328E-06
17/09/2018;1.52326E-08
17/09/2018;9.39714E-07
17/09/2018;6.81234E-06
17/09/2018;4.34629E-05
17/09/2018;4.61815E-05
17/09/2018;3.931E-05
17/09/2018;1.86936E-05
17/09/2018;1.37153E-05
17/09/2018;1.49531E-06
18/09/2018;3.19314E-06
18/09/2018;4.35129E-06
18/09/2018;5.9228E-05
18/09/2018;2.64059E-05
18/09/2018;0.000108334
18/09/2018;3.03753E-05
18/09/2018;0.000377509
18/09/2018;3.44767E-05
18/09/2018;2.15518E-05
18/09/2018;1.58774E-06
18/09/2018;1.42632E-06
18/09/2018;0.000150513
18/09/2018;0.000115884
18/09/2018;0.000247479
18/09/2018;4.55066E-05
18/09/2018;0.000102706
18/09/2018;0.000584437
18/09/2018;0.000350064
18/09/2018;0.000564338
18/09/2018;9.6121E-05
18/09/2018;0.000126898
18/09/2018;0.000227451
18/09/2018;0.000195688
18/09/2018;6.73336E-06
18/09/2018;8.012E-05
18/09/2018;0.000215051
18/09/2018;0.000510711
18/09/2018;0.000151864
18/09/2018;0.001640951
18/09/2018;1.65132E-05
18/09/2018;0.00017585
18/09/2018;6.52275E-05
18/09/2018;0.000196362
18/09/2018;0.000215282
18/09/2018;8.33949E-05
18/09/2018;0.000127081
18/09/2018;9.10884E-05
18/09/2018;0.000134632
18/09/2018;0.000157087
18/09/2018;4.31089E-05
18/09/2018;2.45587E-05
18/09/2018;0.000143794
18/09/2018;0.000211107
18/09/2018;0.001579566
18/09/2018;0.016817269
18/09/2018;0.008489223
18/09/2018;0.006672152
18/09/2018;0.01658413
19/09/2018;0.004870722
19/09/2018;0.030269415
19/09/2018;0.046161495
19/09/2018;0.04406301
19/09/2018;0.0262306
19/09/2018;0.06776574
19/09/2018;0.009326275
19/09/2018;0.005593736
19/09/2018;0.003931811
19/09/2018;0.019152999
19/09/2018;0.006523469
19/09/2018;0.017823499
19/09/2018;0.001028103
19/09/2018;0.000429786
19/09/2018;0.000211501
19/09/2018;0.001379197
19/09/2018;0.001741272
19/09/2018;8.96843E-05
19/09/2018;3.14884E-05
19/09/2018;0.000651693
19/09/2018;0.000310405
19/09/2018;0.000344948
19/09/2018;0.000366486
19/09/2018;6.49808E-06
19/09/2018;6.89377E-06
19/09/2018;0.001543857
19/09/2018;0.000391971
19/09/2018;0.00066275
19/09/2018;5.27304E-05
19/09/2018;0.000195349
19/09/2018;7.56612E-05
19/09/2018;4.15759E-05
19/09/2018;0.000116885
19/09/2018;9.23184E-05
19/09/2018;0.000231756
19/09/2018;4.19535E-05
19/09/2018;0.0002645
19/09/2018;8.06696E-06
19/09/2018;1.18214E-05
19/09/2018;3.7609E-05
19/09/2018;0.000125662
19/09/2018;0.000182249
19/09/2018;0.00026675
19/09/2018;0.000290046
19/09/2018;0.000703142
19/09/2018;0.00068496
19/09/2018;0.012116479
19/09/2018;0.00118677
20/09/2018;0.000737726
20/09/2018;0.006832454
20/09/2018;0.01800783
20/09/2018;0.002234581
20/09/2018;0.001411307
20/09/2018;0.001922595
20/09/2018;0.000423737
20/09/2018;0.000381954
20/09/2018;0.001224226
20/09/2018;0.000232266
20/09/2018;5.16265E-05
20/09/2018;3.85113E-05
20/09/2018;3.74295E-05
20/09/2018;5.01344E-05
20/09/2018;7.10081E-07
20/09/2018;2.77483E-06
20/09/2018;1.84073E-06
20/09/2018;3.62052E-07
20/09/2018;5.20294E-06
20/09/2018;3.98384E-06
20/09/2018;1.81653E-05
20/09/2018;4.30492E-05
20/09/2018;3.12337E-05
20/09/2018;3.87492E-05
20/09/2018;0.000151073
20/09/2018;0.00039863
20/09/2018;0.001421297
20/09/2018;1.00546E-05
20/09/2018;2.19355E-05
20/09/2018;4.72374E-05
20/09/2018;0.000132369
20/09/2018;0.000152405
20/09/2018;0.000167899
20/09/2018;9.59702E-05
20/09/2018;0.000290103
20/09/2018;0.000198146
20/09/2018;0.001313294
20/09/2018;0.000352974
20/09/2018;0.000120227
20/09/2018;0.000527259
20/09/2018;0.001248675
20/09/2018;0.000352101
20/09/2018;0.001470468
20/09/2018;0.004380349
20/09/2018;0.00380981
20/09/2018;0.030768986
20/09/2018;0.014133704
20/09/2018;0.023507018
21/09/2018;0.00035197
21/09/2018;0.007560131
21/09/2018;0.018839538
21/09/2018;0.015416165
21/09/2018;0.005226245
21/09/2018;0.014325367
21/09/2018;0.021770057
21/09/2018;0.061461888
21/09/2018;0.039314979
21/09/2018;0.259547004
21/09/2018;0.618691032
21/09/2018;0.425001231
21/09/2018;0.48035196
21/09/2018;0.198870085
21/09/2018;0.021573695
21/09/2018;0.019424446
21/09/2018;0.002845436
21/09/2018;8.24582E-05
21/09/2018;0.000639907
21/09/2018;0.003050304
21/09/2018;0.003871276
21/09/2018;0.004125689
21/09/2018;0.000761951
21/09/2018;0.000943161
21/09/2018;0.001335798
21/09/2018;0.001309253
21/09/2018;0.00181433
21/09/2018;0.000610308
21/09/2018;0.000428484
21/09/2018;0.001354973
21/09/2018;0.001093266
21/09/2018;0.00134901
21/09/2018;0.006603129
21/09/2018;0.000745327
21/09/2018;0.000333861
21/09/2018;0.000280508
21/09/2018;0.003492318
21/09/2018;0.005501058
21/09/2018;0.000584985
21/09/2018;0.0013196
21/09/2018;0.008459052
21/09/2018;0.005129908
21/09/2018;0.03093617
21/09/2018;0.078711233
21/09/2018;0.007135557
21/09/2018;0.013185681
21/09/2018;0.160484101
21/09/2018;0.12232954
22/09/2018;0.08807513
22/09/2018;0.135534235
22/09/2018;0.043844688
22/09/2018;0.001667295
22/09/2018;0.005730682
22/09/2018;0.005928123
22/09/2018;0.000729741
22/09/2018;0.003006868
22/09/2018;0.00497035
22/09/2018;0.021720625
22/09/2018;0.040750151
22/09/2018;0.000741201
22/09/2018;0.005031758
22/09/2018;0.000792499
22/09/2018;0.001368671
22/09/2018;0.003563836
22/09/2018;0.00538633
22/09/2018;0.004235972
22/09/2018;0.001252961
22/09/2018;0.000822198
22/09/2018;0.000311427
22/09/2018;0.004207823
22/09/2018;0.003254669
22/09/2018;0.001630751
22/09/2018;0.0003142
22/09/2018;0.000307295
22/09/2018;0.000357691
22/09/2018;0.000600138
22/09/2018;0.002611635
22/09/2018;0.000919853
22/09/2018;0.001175185
22/09/2018;0.002915116
22/09/2018;0.000403246
22/09/2018;0.001423991
22/09/2018;0.000666155
22/09/2018;0.004405774
22/09/2018;0.000847889
22/09/2018;0.000573659
22/09/2018;0.001683138
22/09/2018;0.006594243
22/09/2018;0.001708068
22/09/2018;0.001522415
22/09/2018;0.004390214
22/09/2018;0.000538124
22/09/2018;0.022564984
22/09/2018;0.012204502
22/09/2018;0.006597377
22/09/2018;0.05416492
23/09/2018;0.009503746
23/09/2018;0.01079671
23/09/2018;0.010283036
23/09/2018;0.000689981
23/09/2018;0.022844502
23/09/2018;0.002530948
23/09/2018;0.004847868
23/09/2018;0.000830628
23/09/2018;0.001658947
23/09/2018;0.001594706
23/09/2018;0.000758033
23/09/2018;0.003108841
23/09/2018;0.001068409
23/09/2018;0.001043828
23/09/2018;0.005389935
23/09/2018;0.000317199
23/09/2018;0.000842855
23/09/2018;0.000221155
23/09/2018;0.0007336
23/09/2018;1.40403E-05
23/09/2018;5.8971E-06
23/09/2018;4.08628E-06
23/09/2018;1.978E-06
23/09/2018;6.93851E-07
23/09/2018;3.35496E-06
23/09/2018;0.000140399
23/09/2018;6.60098E-05
23/09/2018;6.90211E-06
23/09/2018;0.000143574
23/09/2018;7.61326E-05
23/09/2018;0.000516979
23/09/2018;0.000608336
23/09/2018;0.000163752
23/09/2018;0.003122037
23/09/2018;0.002281195
23/09/2018;0.000110422
23/09/2018;0.000148958
23/09/2018;6.49002E-05
23/09/2018;1.50048E-05
23/09/2018;0.000244679
23/09/2018;0.000211304
23/09/2018;3.5958E-05
23/09/2018;7.75139E-05
23/09/2018;6.43294E-05
23/09/2018;7.83542E-06
23/09/2018;6.39392E-07
23/09/2018;1.65074E-05
23/09/2018;1.72273E-05
24/09/2018;4.48934E-06
24/09/2018;4.12004E-06
24/09/2018;5.691E-07
24/09/2018;5.82204E-07
24/09/2018;9.39063E-07
24/09/2018;7.4439E-07
24/09/2018;2.23841E-07
24/09/2018;4.38175E-07
24/09/2018;9.41761E-06
24/09/2018;5.17049E-05
24/09/2018;0.000285395
24/09/2018;5.56677E-06
24/09/2018;3.50882E-05
24/09/2018;2.34654E-05
24/09/2018;1.8491E-05
24/09/2018;0.000107476
24/09/2018;3.00138E-05
24/09/2018;4.3682E-05
24/09/2018;2.40263E-05
24/09/2018;6.80445E-05
24/09/2018;0.000239997
24/09/2018;0.000312796
24/09/2018;2.07346E-05
24/09/2018;7.22823E-05
24/09/2018;0.000112093
24/09/2018;5.65535E-05
24/09/2018;0.000483998
24/09/2018;0.000219148
24/09/2018;0.000449192
24/09/2018;0.004008839
24/09/2018;0.000579306
24/09/2018;0.000212633
24/09/2018;0.000545477
24/09/2018;0.000356113
24/09/2018;0.001908188
24/09/2018;0.00154125
24/09/2018;0.001192704
24/09/2018;0.000573238
24/09/2018;0.000154735
24/09/2018;0.000256121
24/09/2018;0.001161801
24/09/2018;0.008060082
24/09/2018;0.001783926
24/09/2018;0.001199254
24/09/2018;0.000250011
24/09/2018;0.001735236
24/09/2018;0.000287795
24/09/2018;0.000516696
25/09/2018;0.001047591
25/09/2018;0.010463207
25/09/2018;1.105033398
25/09/2018;0.867031614
25/09/2018;0.626596165
25/09/2018;0.463531885
25/09/2018;1.726883785
25/09/2018;0.62262009
25/09/2018;0.741665925
25/09/2018;0.844539519
25/09/2018;0.429404656
25/09/2018;0.109712722
25/09/2018;0.188308563
25/09/2018;0.478772764
25/09/2018;0.01084154
25/09/2018;0.015627392
25/09/2018;0.012360312
25/09/2018;0.008981807
25/09/2018;0.036437389
25/09/2018;0.008055272
25/09/2018;0.024373359
25/09/2018;0.002294794
25/09/2018;0.001900556
25/09/2018;0.002050711
25/09/2018;1.1758E-05
25/09/2018;0.000816066
25/09/2018;0.002138405
25/09/2018;0.001692356
25/09/2018;0.003986057
25/09/2018;0.003093892
25/09/2018;0.000375189
25/09/2018;0.001531853
25/09/2018;0.000549878
25/09/2018;0.000475809
25/09/2018;0.000382523
25/09/2018;8.98813E-05
25/09/2018;0.000486318
25/09/2018;0.000691551
25/09/2018;0.000183681
25/09/2018;0.000557434
25/09/2018;0.000908049
25/09/2018;0.000969494
25/09/2018;0.000206073
25/09/2018;0.000229808
25/09/2018;0.000425412
25/09/2018;0.000266745
25/09/2018;0.000302651
25/09/2018;5.46427E-06
26/09/2018;4.1048E-06
26/09/2018;2.26408E-05
26/09/2018;0.000103608
26/09/2018;1.29129E-05
26/09/2018;0.000203608
26/09/2018;2.46349E-06
26/09/2018;1.30692E-05
26/09/2018;4.14265E-06
26/09/2018;3.21175E-06
26/09/2018;1.01255E-05
26/09/2018;3.49557E-06
26/09/2018;6.32074E-05
26/09/2018;2.76457E-05
26/09/2018;8.04632E-06
26/09/2018;0.000561238
26/09/2018;9.33841E-05
26/09/2018;5.83949E-05
26/09/2018;0.000679792
26/09/2018;0.000468899
26/09/2018;0.001082424
26/09/2018;0.000560523
26/09/2018;0.000816445
26/09/2018;0.000629841
26/09/2018;1.37576E-05
26/09/2018;2.15942E-06
26/09/2018;1.83666E-07
26/09/2018;1.67298E-06
26/09/2018;3.96566E-06
26/09/2018;0.000221959
26/09/2018;0.000131239
26/09/2018;8.10245E-05
26/09/2018;7.75235E-05
26/09/2018;0.000120178
26/09/2018;9.46962E-05
26/09/2018;0.00011047
26/09/2018;0.00059747
26/09/2018;0.000242084
26/09/2018;0.000218358
26/09/2018;0.000195174
26/09/2018;0.000715732
26/09/2018;3.34409E-05
26/09/2018;0.000109442
26/09/2018;0.008284124
26/09/2018;0.000117658
26/09/2018;0.000110355
26/09/2018;0.001916162
26/09/2018;0.000500836
26/09/2018;0.807680313
27/09/2018;1.304259306
27/09/2018;1.883498253
27/09/2018;1.99335987
27/09/2018;1.988645775
27/09/2018;1.996431966
27/09/2018;1.997060148
27/09/2018;1.995951525
27/09/2018;1.985655513
27/09/2018;1.901011673
27/09/2018;1.840905314
27/09/2018;1.30089711
27/09/2018;1.827977375
27/09/2018;0.797890982
27/09/2018;1.016585662
27/09/2018;0.231806316
27/09/2018;0.98188932
27/09/2018;1.106143702
27/09/2018;0.203499923
27/09/2018;0.456558151
27/09/2018;1.26695384
27/09/2018;0.792144537
27/09/2018;0.2882569
27/09/2018;0.032600554
27/09/2018;0.021299746
27/09/2018;0.003340943
27/09/2018;0.010744626
27/09/2018;0.001748149
27/09/2018;0.000108878
27/09/2018;0.000542112
27/09/2018;0.00267455
27/09/2018;0.001332854
27/09/2018;2.12429E-05
27/09/2018;5.02512E-05
27/09/2018;5.49488E-05
27/09/2018;0.000352788
27/09/2018;8.74529E-05
27/09/2018;2.89982E-05
27/09/2018;1.41916E-06
27/09/2018;4.88896E-06
27/09/2018;6.75473E-07
27/09/2018;2.62134E-06
27/09/2018;0.000489051
27/09/2018;0.010968116
27/09/2018;0.226301291
27/09/2018;1.721168682
27/09/2018;1.317115325
27/09/2018;1.259901426
27/09/2018;1.264614102
28/09/2018;0.10568093
28/09/2018;0.038772373
28/09/2018;0.020934942
28/09/2018;0.045464832
28/09/2018;0.053826186
28/09/2018;0.003067231
28/09/2018;0.00089318
28/09/2018;8.43436E-05
28/09/2018;2.1256E-05
28/09/2018;0.000901411
28/09/2018;9.78511E-05
28/09/2018;0.000108054
28/09/2018;7.60933E-05
28/09/2018;7.76638E-06
28/09/2018;1.87157E-06
28/09/2018;3.52155E-06
28/09/2018;2.42792E-07
28/09/2018;4.23517E-06
28/09/2018;6.40349E-06
28/09/2018;3.83233E-06
28/09/2018;7.17104E-07
28/09/2018;6.77789E-06
28/09/2018;3.76605E-05
28/09/2018;9.26457E-06
28/09/2018;7.59327E-06
28/09/2018;1.01169E-05
28/09/2018;1.49153E-05
28/09/2018;4.15199E-05
28/09/2018;1.23343E-06
28/09/2018;1.10686E-06
28/09/2018;1.05793E-05
28/09/2018;2.48762E-07
28/09/2018;5.40121E-08
28/09/2018;3.69221E-08
28/09/2018;2.19593E-07
28/09/2018;5.61026E-08
28/09/2018;4.08035E-08
28/09/2018;1.05278E-07
28/09/2018;8.51687E-08
28/09/2018;7.75208E-08
28/09/2018;1.53926E-08
28/09/2018;2.85223E-08
28/09/2018;9.24561E-09
28/09/2018;1.70998E-07
28/09/2018;1.04205E-07
28/09/2018;1.75114E-05
28/09/2018;1.27686E-05
28/09/2018;1.01817E-05
29/09/2018;1.82988E-05
29/09/2018;0.000169395
29/09/2018;1.31239E-05
29/09/2018;4.79043E-05
29/09/2018;3.53509E-05
29/09/2018;0.000480345
29/09/2018;0.000133568
29/09/2018;0.000274159
29/09/2018;2.59668E-05
29/09/2018;0.000151552
29/09/2018;9.23672E-06
29/09/2018;0.000172092
29/09/2018;9.84836E-05
29/09/2018;5.51286E-05
29/09/2018;0.000443489
29/09/2018;0.000175273
29/09/2018;0.000206349
29/09/2018;0.000228366
29/09/2018;0.000251368
29/09/2018;5.58283E-05
29/09/2018;9.33011E-07
29/09/2018;4.77993E-06
29/09/2018;5.22193E-05
29/09/2018;1.07974E-05
29/09/2018;3.66553E-06
29/09/2018;4.17621E-06
29/09/2018;1.89624E-05
29/09/2018;3.73993E-05
29/09/2018;3.05502E-06
29/09/2018;7.18144E-06
29/09/2018;2.56393E-06
29/09/2018;4.35476E-06
29/09/2018;1.45766E-05
29/09/2018;0.000105921
29/09/2018;2.87688E-05
29/09/2018;5.51736E-05
29/09/2018;8.37328E-05
29/09/2018;4.94305E-05
29/09/2018;4.7489E-06
29/09/2018;4.55768E-05
29/09/2018;2.855E-05
29/09/2018;0.001263414
29/09/2018;0.000520686
29/09/2018;0.000197731
29/09/2018;0.000122492
29/09/2018;6.8121E-05
29/09/2018;0.000356358
29/09/2018;0.001787653
30/09/2018;4.90864E-05
30/09/2018;7.03851E-05
30/09/2018;6.35607E-05
30/09/2018;2.21651E-05
30/09/2018;2.11377E-05
30/09/2018;9.50709E-06
30/09/2018;1.26053E-05
30/09/2018;8.47776E-06
30/09/2018;4.13526E-07
30/09/2018;1.79297E-06
30/09/2018;7.77994E-06
30/09/2018;2.73601E-05
30/09/2018;6.51781E-06
30/09/2018;2.0196E-05
30/09/2018;2.91708E-06
30/09/2018;1.50545E-05
30/09/2018;0.000308383
30/09/2018;2.28369E-06
30/09/2018;2.16107E-06
30/09/2018;8.19858E-05
30/09/2018;7.07379E-06
30/09/2018;6.09918E-05
30/09/2018;1.31836E-05
30/09/2018;6.52646E-06
30/09/2018;0.000302428
30/09/2018;0.000145544
30/09/2018;0.001664107
30/09/2018;0.000834263
30/09/2018;0.000288922
30/09/2018;0.000727643
30/09/2018;0.002533048
30/09/2018;0.000382075
30/09/2018;0.000607992
30/09/2018;3.85855E-05
30/09/2018;0.000140299
30/09/2018;3.7286E-06
30/09/2018;2.37263E-05
30/09/2018;1.76947E-05
30/09/2018;0.000767977
30/09/2018;5.39249E-06
30/09/2018;0.00012066
30/09/2018;0.000336362
30/09/2018;0.000212289
30/09/2018;0.000258105
30/09/2018;1.82656E-05
30/09/2018;2.40837E-06
30/09/2018;4.02245E-05
30/09/2018;0.000224244
01/10/2018;4.39459E-05
01/10/2018;8.62928E-06
01/10/2018;7.00525E-06
01/10/2018;7.02909E-06
01/10/2018;3.13308E-06
01/10/2018;4.9267E-06
01/10/2018;4.90479E-07
01/10/2018;4.74819E-06
01/10/2018;1.41178E-05
01/10/2018;8.34886E-06
01/10/2018;5.75388E-07
01/10/2018;1.33603E-07
01/10/2018;3.32295E-08
01/10/2018;7.1696E-08
01/10/2018;2.17004E-07
01/10/2018;2.34267E-06
01/10/2018;1.59396E-06
01/10/2018;2.72636E-06
01/10/2018;3.46179E-05
01/10/2018;7.08188E-06
01/10/2018;2.23051E-05
01/10/2018;3.66761E-05
01/10/2018;4.20133E-05
01/10/2018;1.22891E-05
01/10/2018;0.000323714
01/10/2018;1.4737E-05
01/10/2018;0.000361498
01/10/2018;0.000230481
01/10/2018;1.53852E-05
01/10/2018;5.80001E-05
01/10/2018;0.000205321
01/10/2018;0.000487093
01/10/2018;0.000627061
01/10/2018;5.40169E-05
01/10/2018;0.000351407
01/10/2018;2.177E-05
01/10/2018;1.08715E-05
01/10/2018;0.000106831
01/10/2018;3.3654E-06
01/10/2018;1.24134E-05
01/10/2018;1.66138E-07
01/10/2018;6.57358E-05
01/10/2018;0.000948073
01/10/2018;0.000563851
01/10/2018;2.15375E-05
01/10/2018;5.39729E-06
01/10/2018;6.29696E-06
01/10/2018;5.81531E-05
02/10/2018;2.02455E-05
02/10/2018;2.12081E-06
02/10/2018;1.88986E-05
02/10/2018;1.91934E-05
02/10/2018;4.79503E-06
02/10/2018;6.41003E-05
02/10/2018;5.06263E-05
02/10/2018;1.98308E-05
02/10/2018;3.26585E-05
02/10/2018;4.75271E-06
02/10/2018;1.38631E-05
02/10/2018;1.89632E-06
02/10/2018;3.15203E-06
02/10/2018;2.76339E-06
02/10/2018;1.03503E-05
02/10/2018;1.85056E-07
02/10/2018;1.35301E-07
02/10/2018;1.48964E-06
02/10/2018;1.05057E-06
02/10/2018;1.45587E-06
02/10/2018;8.69061E-06
02/10/2018;9.74492E-07
02/10/2018;1.00346E-06
02/10/2018;1.06831E-05
02/10/2018;3.12278E-06
02/10/2018;8.85636E-07
02/10/2018;9.77478E-07
02/10/2018;1.53514E-06
02/10/2018;5.37116E-07
02/10/2018;5.8422E-06
02/10/2018;6.99459E-06
02/10/2018;2.05473E-06
02/10/2018;7.14568E-07
02/10/2018;5.38583E-07
02/10/2018;9.71795E-06
02/10/2018;6.29917E-07
02/10/2018;2.17439E-06
02/10/2018;0.000416474
02/10/2018;5.89106E-06
02/10/2018;2.77524E-05
02/10/2018;3.59185E-05
02/10/2018;1.74358E-05
02/10/2018;1.64099E-07
02/10/2018;3.29286E-05
02/10/2018;9.78941E-06
02/10/2018;0.000169559
02/10/2018;3.06677E-05
02/10/2018;0.000128387
03/10/2018;3.20354E-05
03/10/2018;4.53541E-05
03/10/2018;1.05243E-05
03/10/2018;4.62459E-05
03/10/2018;0.0001733
03/10/2018;0.000545929
03/10/2018;0.000554479
03/10/2018;0.000402435
03/10/2018;0.000171622
03/10/2018;0.000751826
03/10/2018;0.000458979
03/10/2018;0.000359017
03/10/2018;0.000103546
03/10/2018;0.000237111
03/10/2018;0.000196649
03/10/2018;0.000897535
03/10/2018;0.000338462
03/10/2018;0.00085527
03/10/2018;0.000462331
03/10/2018;0.00112349
03/10/2018;0.001677448
03/10/2018;0.000473377
03/10/2018;4.13382E-05
03/10/2018;0.000209837
03/10/2018;7.69496E-05
03/10/2018;1.84646E-05
03/10/2018;1.20245E-05
03/10/2018;2.03187E-05
03/10/2018;8.48167E-06
03/10/2018;6.4168E-06
03/10/2018;1.61055E-05
03/10/2018;1.36091E-05
03/10/2018;1.76065E-05
03/10/2018;7.54193E-06
03/10/2018;1.77639E-05
03/10/2018;1.41679E-06
03/10/2018;1.57571E-05
03/10/2018;7.27663E-06
03/10/2018;3.18418E-06
03/10/2018;1.69565E-06
03/10/2018;3.87275E-06
03/10/2018;1.86384E-06
03/10/2018;3.28578E-06
03/10/2018;3.92165E-06
03/10/2018;2.89834E-06
03/10/2018;2.53042E-06
03/10/2018;7.28877E-07
03/10/2018;6.33345E-07
04/10/2018;3.33439E-05
04/10/2018;3.58598E-05
04/10/2018;3.12598E-05
04/10/2018;0.000100231
04/10/2018;8.05192E-05
04/10/2018;0.000652059
04/10/2018;8.15065E-05
04/10/2018;3.00118E-06
04/10/2018;1.10467E-05
04/10/2018;8.35846E-05
04/10/2018;1.17091E-05
04/10/2018;4.24795E-05
04/10/2018;0.000122041
04/10/2018;0.000113726
04/10/2018;7.91729E-05
04/10/2018;0.000479338
04/10/2018;0.000112461
04/10/2018;0.000681022
04/10/2018;8.19719E-05
04/10/2018;0.000129554
04/10/2018;3.36876E-05
04/10/2018;0.000121848
04/10/2018;7.22278E-05
04/10/2018;0.000236736
04/10/2018;2.83292E-05
04/10/2018;1.66737E-05
04/10/2018;3.48974E-05
04/10/2018;0.000199741
04/10/2018;5.39127E-05
04/10/2018;1.45324E-05
04/10/2018;2.51005E-06
04/10/2018;4.28339E-05
04/10/2018;3.52485E-05
04/10/2018;1.07229E-05
04/10/2018;9.1954E-07
04/10/2018;1.72087E-06
04/10/2018;3.27011E-07
04/10/2018;2.56794E-06
04/10/2018;6.78516E-06
04/10/2018;6.66374E-07
04/10/2018;5.82434E-07
04/10/2018;1.39432E-07
04/10/2018;2.23384E-06
04/10/2018;9.14418E-06
04/10/2018;4.68719E-05
04/10/2018;0.000134823
04/10/2018;0.000218519
04/10/2018;0.001135169
05/10/2018;8.20906E-05
05/10/2018;1.61819E-06
05/10/2018;3.60146E-05
05/10/2018;9.04129E-05
05/10/2018;0.000123002
05/10/2018;4.65246E-05
05/10/2018;1.00128E-05
05/10/2018;9.88709E-06
05/10/2018;1.41881E-05
05/10/2018;1.97385E-05
05/10/2018;5.02334E-05
05/10/2018;4.10737E-05
05/10/2018;1.85807E-05
05/10/2018;3.716E-06
05/10/2018;4.93633E-06
05/10/2018;9.7262E-06
05/10/2018;5.75453E-06
05/10/2018;1.03298E-05
05/10/2018;1.13013E-06
05/10/2018;3.83456E-07
05/10/2018;5.15226E-07
05/10/2018;1.37233E-07
05/10/2018;5.04373E-07
05/10/2018;3.26595E-06
05/10/2018;4.23222E-05
05/10/2018;7.04642E-05
05/10/2018;0.000503323
05/10/2018;0.000189608
05/10/2018;6.57419E-05
05/10/2018;5.3277E-06
05/10/2018;5.21421E-06
05/10/2018;0.000133114
05/10/2018;0.000773056
05/10/2018;0.000161267
05/10/2018;0.000574546
05/10/2018;0.000677092
05/10/2018;4.05689E-05
05/10/2018;1.92186E-06
05/10/2018;1.33794E-05
05/10/2018;7.82166E-06
05/10/2018;5.53288E-05
05/10/2018;1.5913E-06
05/10/2018;1.95982E-05
05/10/2018;0.000126676
05/10/2018;3.24218E-06
05/10/2018;1.00832E-06
05/10/2018;6.2448E-06
05/10/2018;7.36444E-06
06/10/2018;6.57976E-08
06/10/2018;9.15831E-08
06/10/2018;1.35404E-07
06/10/2018;1.56052E-06
06/10/2018;1.07273E-08
06/10/2018;1.24956E-07
06/10/2018;5.15324E-08
06/10/2018;2.4159E-08
06/10/2018;7.16168E-09
06/10/2018;5.63373E-09
06/10/2018;8.64352E-08
06/10/2018;1.37296E-07
06/10/2018;1.45924E-07
06/10/2018;5.40267E-08
06/10/2018;1.13195E-07
06/10/2018;3.19045E-08
06/10/2018;2.4671E-08
06/10/2018;4.49684E-09
06/10/2018;9.72722E-08
06/10/2018;2.21092E-07
06/10/2018;1.48688E-06
06/10/2018;7.49456E-06
06/10/2018;3.50958E-06
06/10/2018;4.02994E-06
06/10/2018;8.15945E-06
06/10/2018;2.12306E-06
06/10/2018;6.07791E-05
06/10/2018;1.51001E-05
06/10/2018;1.22841E-05
06/10/2018;6.54927E-05
06/10/2018;2.13556E-05
06/10/2018;6.19909E-07
06/10/2018;0.000138383
06/10/2018;8.8401E-06
06/10/2018;6.11588E-05
06/10/2018;5.63692E-05
06/10/2018;1.54663E-05
06/10/2018;3.94785E-06
06/10/2018;3.04299E-06
06/10/2018;6.485E-06
06/10/2018;1.29128E-06
06/10/2018;3.19288E-06
06/10/2018;3.30894E-06
06/10/2018;3.55691E-05
06/10/2018;6.28925E-05
06/10/2018;8.21E-06
06/10/2018;2.0423E-05
06/10/2018;8.9931E-05
07/10/2018;3.37654E-05
07/10/2018;2.96066E-05
07/10/2018;3.20787E-05
07/10/2018;4.29806E-05
07/10/2018;0.000286309
07/10/2018;3.4004E-05
07/10/2018;2.63146E-05
07/10/2018;8.95266E-06
07/10/2018;4.37371E-05
07/10/2018;6.02056E-05
07/10/2018;0.000224172
07/10/2018;0.00025678
07/10/2018;0.000181545
07/10/2018;0.001119881
07/10/2018;0.00016365
07/10/2018;5.94988E-05
07/10/2018;0.00028097
07/10/2018;4.56408E-05
07/10/2018;6.91534E-05
07/10/2018;0.000141118
07/10/2018;0.000257896
07/10/2018;0.000381191
07/10/2018;5.86941E-05
07/10/2018;9.87639E-06
07/10/2018;3.89855E-05
07/10/2018;8.99764E-05
07/10/2018;0.000208819
07/10/2018;0.001264969
07/10/2018;0.00010101
07/10/2018;0.000480541
07/10/2018;0.000211224
07/10/2018;0.000114169
07/10/2018;6.75949E-05
07/10/2018;5.60813E-06
07/10/2018;1.14438E-05
07/10/2018;0.000144675
07/10/2018;0.000133823
07/10/2018;0.000262134
07/10/2018;0.000104205
07/10/2018;6.46129E-06
07/10/2018;3.25317E-05
07/10/2018;0.000105348
07/10/2018;1.72834E-05
07/10/2018;1.39281E-05
07/10/2018;8.66776E-07
07/10/2018;3.21749E-05
07/10/2018;1.6761E-05
07/10/2018;1.81894E-05
08/10/2018;1.45506E-05
08/10/2018;6.88708E-07
08/10/2018;1.18005E-06
08/10/2018;7.60084E-07
08/10/2018;2.55536E-07
08/10/2018;1.44918E-08
08/10/2018;2.47818E-09
08/10/2018;3.0223E-07
08/10/2018;6.50503E-09
08/10/2018;6.03941E-09
08/10/2018;3.64941E-07
08/10/2018;4.32901E-07
08/10/2018;3.7141E-07
08/10/2018;4.81864E-07
08/10/2018;7.27251E-08
08/10/2018;5.93681E-07
08/10/2018;9.94839E-07
08/10/2018;2.06669E-06
08/10/2018;0.000343616
08/10/2018;2.52752E-05
08/10/2018;7.78806E-06
08/10/2018;4.07419E-05
08/10/2018;4.91912E-06
08/10/2018;0.00024739
08/10/2018;9.20619E-06
08/10/2018;1.38557E-05
08/10/2018;4.50956E-06
08/10/2018;9.05086E-07
08/10/2018;1.0092E-05
08/10/2018;1.12192E-05
08/10/2018;5.86685E-07
08/10/2018;2.06178E-05
08/10/2018;0.000106981
08/10/2018;2.15516E-05
08/10/2018;7.53179E-05
08/10/2018;0.000245772
08/10/2018;3.01993E-05
08/10/2018;0.000129531
08/10/2018;0.000390178
08/10/2018;9.88747E-05
08/10/2018;0.000332138
08/10/2018;0.000132184
08/10/2018;6.85239E-05
08/10/2018;3.38029E-05
08/10/2018;2.01069E-05
08/10/2018;3.61679E-05
08/10/2018;4.29903E-05
08/10/2018;2.91574E-05
09/10/2018;6.71335E-06
09/10/2018;4.14134E-06
09/10/2018;1.07441E-05
09/10/2018;9.21642E-05
09/10/2018;3.63604E-06
09/10/2018;3.29055E-05
09/10/2018;5.92536E-06
09/10/2018;4.93671E-05
09/10/2018;4.18167E-05
09/10/2018;0.000194741
09/10/2018;2.89498E-05
09/10/2018;2.68788E-05
09/10/2018;5.307E-06
09/10/2018;1.82708E-05
09/10/2018;2.91315E-05
09/10/2018;1.60134E-05
09/10/2018;1.64623E-06
09/10/2018;4.70117E-06
09/10/2018;9.57089E-06
09/10/2018;4.91027E-05
09/10/2018;7.91282E-05
09/10/2018;0.000115152
09/10/2018;0.000373677
09/10/2018;2.417E-05
09/10/2018;8.27337E-05
09/10/2018;8.43511E-05
09/10/2018;1.86275E-05
09/10/2018;0.000107712
09/10/2018;0.000595635
09/10/2018;0.000210788
09/10/2018;2.29339E-05
09/10/2018;1.96193E-05
09/10/2018;4.32316E-05
09/10/2018;3.37156E-05
09/10/2018;0.001598603
09/10/2018;0.000128108
09/10/2018;0.000100742
09/10/2018;0.00029532
09/10/2018;0.000830948
09/10/2018;4.46161E-05
09/10/2018;2.34653E-05
09/10/2018;2.1213E-05
09/10/2018;3.1448E-05
09/10/2018;2.29796E-05
09/10/2018;2.63246E-07
09/10/2018;8.6139E-06
09/10/2018;3.84847E-05
09/10/2018;3.03387E-05
10/10/2018;4.09961E-06
10/10/2018;4.12453E-07
10/10/2018;4.34423E-06
10/10/2018;1.86233E-06
10/10/2018;3.14949E-07
10/10/2018;1.85542E-06
10/10/2018;2.09008E-06
10/10/2018;7.38081E-08
10/10/2018;6.37827E-06
10/10/2018;1.5765E-06
10/10/2018;1.39288E-06
10/10/2018;7.18242E-07
10/10/2018;1.31471E-07
10/10/2018;1.201E-06
10/10/2018;1.53661E-06
10/10/2018;6.9585E-08
10/10/2018;8.96468E-08
10/10/2018;8.83001E-06
10/10/2018;1.00418E-07
10/10/2018;3.61483E-08
10/10/2018;1.75836E-07
10/10/2018;8.17048E-08
10/10/2018;3.15176E-06
10/10/2018;3.74067E-07
10/10/2018;3.84119E-07
10/10/2018;1.7148E-07
10/10/2018;1.77515E-07
10/10/2018;8.16241E-08
10/10/2018;2.2128E-08
10/10/2018;8.58477E-07
10/10/2018;9.97392E-08
10/10/2018;7.93378E-08
10/10/2018;6.50201E-07
10/10/2018;1.22231E-06
10/10/2018;2.32932E-06
10/10/2018;6.75597E-06
10/10/2018;1.93237E-06
10/10/2018;1.14445E-06
10/10/2018;9.70575E-05
10/10/2018;2.65066E-05
10/10/2018;0.00040331
10/10/2018;1.74738E-05
10/10/2018;1.0777E-06
10/10/2018;4.76726E-05
10/10/2018;8.91645E-05
10/10/2018;4.68015E-05
10/10/2018;4.4213E-05
10/10/2018;5.1171E-06
11/10/2018;1.31947E-05
11/10/2018;7.78441E-07
11/10/2018;2.24989E-05
11/10/2018;1.36066E-06
11/10/2018;8.01078E-06
11/10/2018;1.75986E-08
11/10/2018;2.00836E-05
11/10/2018;4.1398E-07
11/10/2018;6.40594E-07
11/10/2018;9.29304E-07
11/10/2018;1.00066E-05
11/10/2018;7.13968E-06
11/10/2018;2.35516E-07
11/10/2018;1.14071E-06
11/10/2018;2.49589E-06
11/10/2018;3.08593E-05
11/10/2018;1.61454E-05
11/10/2018;4.15752E-06
11/10/2018;1.09245E-05
11/10/2018;6.0887E-08
11/10/2018;9.95017E-08
11/10/2018;3.67098E-08
11/10/2018;2.93685E-09
11/10/2018;4.19627E-09
11/10/2018;7.84768E-09
11/10/2018;1.65838E-08
11/10/2018;6.12718E-10
11/10/2018;7.73541E-10
11/10/2018;1.62118E-08
11/10/2018;1.1921E-10
11/10/2018;6.47234E-08
11/10/2018;2.67686E-07
11/10/2018;3.45192E-07
11/10/2018;1.33968E-07
11/10/2018;2.83518E-07
11/10/2018;3.33723E-07
11/10/2018;2.83856E-07
11/10/2018;2.57324E-07
11/10/2018;7.90164E-07
11/10/2018;2.60756E-06
11/10/2018;9.37507E-07
11/10/2018;3.36237E-07
11/10/2018;7.1307E-08
11/10/2018;8.01012E-06
11/10/2018;3.7042E-06
11/10/2018;1.5881E-06
11/10/2018;8.48052E-07
11/10/2018;2.15582E-06
12/10/2018;1.2058E-06
12/10/2018;5.09462E-07
12/10/2018;5.52123E-06
12/10/2018;2.34867E-06
12/10/2018;7.21832E-07
12/10/2018;2.87285E-06
12/10/2018;7.78121E-07
12/10/2018;2.25911E-06
12/10/2018;5.30804E-07
12/10/2018;8.34116E-07
12/10/2018;1.4954E-05
12/10/2018;2.03682E-05
12/10/2018;3.19165E-06
12/10/2018;1.11728E-06
12/10/2018;1.12744E-06
12/10/2018;8.31485E-07
12/10/2018;7.3889E-08
12/10/2018;2.96942E-06
12/10/2018;2.0173E-05
12/10/2018;6.72913E-05
12/10/2018;1.48252E-05
12/10/2018;3.71113E-06
12/10/2018;0.00045504
12/10/2018;4.101E-05
12/10/2018;7.28091E-05
12/10/2018;5.02573E-05
12/10/2018;9.03998E-06
12/10/2018;3.52161E-06
12/10/2018;1.43376E-05
12/10/2018;1.01821E-05
12/10/2018;4.36633E-07
12/10/2018;1.10503E-06
12/10/2018;1.96884E-05
12/10/2018;3.72694E-07
12/10/2018;5.11208E-07
12/10/2018;1.38543E-05
12/10/2018;1.15315E-05
12/10/2018;1.50881E-06
12/10/2018;1.50419E-07
12/10/2018;3.45692E-09
12/10/2018;4.42328E-08
12/10/2018;5.30719E-08
12/10/2018;3.42632E-09
12/10/2018;1.41979E-07
12/10/2018;6.85252E-08
12/10/2018;8.58803E-08
12/10/2018;1.39041E-07
12/10/2018;1.89046E-07
13/10/2018;1.37903E-06
13/10/2018;1.01143E-06
13/10/2018;2.16678E-07
13/10/2018;1.49049E-08
13/10/2018;3.13442E-08
13/10/2018;6.96441E-08
13/10/2018;1.50336E-06
13/10/2018;3.99497E-08
13/10/2018;4.786E-07
13/10/2018;2.24485E-07
13/10/2018;3.01018E-06
13/10/2018;1.74579E-07
13/10/2018;6.88505E-07
13/10/2018;7.55346E-07
13/10/2018;4.7527E-06
13/10/2018;2.76434E-05
13/10/2018;5.42847E-07
13/10/2018;1.01518E-06
13/10/2018;4.87608E-06
13/10/2018;2.39915E-06
13/10/2018;9.21485E-07
13/10/2018;1.97363E-07
13/10/2018;3.36932E-07
13/10/2018;4.07746E-07
13/10/2018;1.56403E-07
13/10/2018;1.74076E-08
13/10/2018;1.88162E-06
13/10/2018;7.22283E-06
13/10/2018;6.29706E-07
13/10/2018;7.80363E-06
13/10/2018;6.77606E-06
13/10/2018;1.69698E-06
13/10/2018;2.32262E-05
13/10/2018;1.09851E-05
13/10/2018;7.59817E-06
13/10/2018;1.79114E-05
13/10/2018;3.93064E-05
13/10/2018;1.41527E-05
13/10/2018;0.000731588
13/10/2018;5.97874E-05
13/10/2018;0.000592894
13/10/2018;1.02271E-05
13/10/2018;0.000220178
13/10/2018;1.80783E-05
13/10/2018;1.60394E-05
13/10/2018;1.49617E-06
13/10/2018;2.56452E-06
13/10/2018;6.93445E-06
14/10/2018;4.29635E-05
14/10/2018;1.11671E-05
14/10/2018;5.0015E-05
14/10/2018;1.09293E-05
14/10/2018;8.35868E-06
14/10/2018;7.50803E-06
14/10/2018;5.08437E-05
14/10/2018;4.55603E-06
14/10/2018;0.000107682
14/10/2018;1.09132E-05
14/10/2018;8.917E-06
14/10/2018;6.27035E-06
14/10/2018;1.92655E-05
14/10/2018;3.33885E-06
14/10/2018;1.23567E-06
14/10/2018;1.48639E-05
14/10/2018;5.13884E-05
14/10/2018;1.23484E-06
14/10/2018;4.78757E-06
14/10/2018;3.59214E-06
14/10/2018;2.1459E-07
14/10/2018;2.61055E-05
14/10/2018;1.49748E-06
14/10/2018;2.32452E-06
14/10/2018;9.11164E-06
14/10/2018;4.84255E-06
14/10/2018;1.99097E-06
14/10/2018;5.15321E-07
14/10/2018;2.84188E-07
14/10/2018;4.53699E-06
14/10/2018;1.14984E-07
14/10/2018;2.55614E-07
14/10/2018;9.36271E-07
14/10/2018;1.51688E-07
14/10/2018;1.16866E-08
14/10/2018;5.5845E-07
14/10/2018;1.41123E-07
14/10/2018;7.79309E-10
14/10/2018;7.5214E-09
14/10/2018;2.76236E-07
14/10/2018;4.59081E-07
14/10/2018;2.79407E-07
14/10/2018;4.16886E-08
14/10/2018;3.97952E-09
14/10/2018;1.30245E-07
14/10/2018;1.09723E-07
14/10/2018;2.0005E-07
14/10/2018;1.00612E-06
15/10/2018;6.95661E-07
15/10/2018;5.69802E-06
15/10/2018;2.4281E-06
15/10/2018;8.79075E-07
15/10/2018;2.04494E-07
15/10/2018;2.23568E-06
15/10/2018;9.24262E-05
15/10/2018;5.9752E-06
15/10/2018;2.59665E-06
15/10/2018;1.28181E-05
15/10/2018;2.1581E-05
15/10/2018;2.97812E-05
15/10/2018;7.06698E-06
15/10/2018;4.74046E-06
15/10/2018;2.85525E-05
15/10/2018;2.58377E-06
15/10/2018;1.11798E-06
15/10/2018;1.17708E-06
15/10/2018;2.36849E-06
15/10/2018;2.52301E-06
15/10/2018;8.70476E-07
15/10/2018;1.21839E-07
15/10/2018;2.59644E-07
15/10/2018;3.02222E-07
15/10/2018;2.82165E-06
15/10/2018;3.08633E-06
15/10/2018;2.34498E-06
15/10/2018;5.75256E-07
15/10/2018;1.21878E-05
15/10/2018;6.6223E-05
15/10/2018;6.08101E-05
15/10/2018;7.71269E-08
15/10/2018;6.31399E-07
15/10/2018;1.37713E-07
15/10/2018;1.182E-09
15/10/2018;2.6152E-07
15/10/2018;5.19687E-07
15/10/2018;1.37626E-07
15/10/2018;0.000124515
15/10/2018;3.80931E-05
15/10/2018;1.93637E-05
15/10/2018;5.66271E-07
15/10/2018;3.13313E-06
15/10/2018;2.18099E-06
15/10/2018;2.30832E-06
15/10/2018;2.57899E-07
15/10/2018;7.40264E-07
15/10/2018;5.88498E-08
16/10/2018;5.02688E-07
16/10/2018;2.96854E-08
16/10/2018;4.36213E-07
16/10/2018;1.80427E-06
16/10/2018;4.94005E-06
16/10/2018;1.96493E-05
16/10/2018;6.19841E-06
16/10/2018;0.000377375
16/10/2018;0.000573454
16/10/2018;0.000105729
16/10/2018;4.87817E-05
16/10/2018;3.53131E-05
16/10/2018;3.04131E-05
16/10/2018;1.29798E-05
16/10/2018;1.80082E-06
16/10/2018;9.3086E-08
16/10/2018;1.1569E-05
16/10/2018;1.68052E-07
16/10/2018;1.70245E-08
16/10/2018;1.48886E-08
16/10/2018;5.50801E-08
16/10/2018;1.34132E-08
16/10/2018;1.98481E-09
16/10/2018;1.94946E-07
16/10/2018;7.0578E-08
16/10/2018;1.89773E-07
16/10/2018;7.78965E-08
16/10/2018;1.59719E-07
16/10/2018;2.68884E-06
16/10/2018;5.73013E-06
16/10/2018;2.50975E-06
16/10/2018;2.07352E-06
16/10/2018;6.03108E-06
16/10/2018;3.54383E-05
16/10/2018;7.07627E-05
16/10/2018;0.00017222
16/10/2018;2.42569E-06
16/10/2018;1.32973E-06
16/10/2018;8.31706E-07
16/10/2018;2.37374E-05
16/10/2018;5.06281E-06
16/10/2018;4.63673E-05
16/10/2018;1.77718E-05
16/10/2018;1.6988E-05
16/10/2018;1.72134E-05
16/10/2018;1.89642E-05
16/10/2018;1.16975E-07
16/10/2018;1.40306E-06
17/10/2018;5.94172E-05
17/10/2018;1.97896E-06
17/10/2018;5.00741E-06
17/10/2018;1.50966E-05
17/10/2018;2.05391E-05
17/10/2018;2.99718E-05
17/10/2018;2.2189E-05
17/10/2018;0.00013729
17/10/2018;6.5632E-05
17/10/2018;4.48855E-05
17/10/2018;2.17974E-05
17/10/2018;3.10262E-05
17/10/2018;5.15447E-05
17/10/2018;1.04814E-06
17/10/2018;0.000149242
17/10/2018;0.000366902
17/10/2018;5.30204E-05
17/10/2018;0.000230409
17/10/2018;4.66731E-05
17/10/2018;5.10864E-06
17/10/2018;3.64658E-05
17/10/2018;6.13182E-06
17/10/2018;1.31651E-06
17/10/2018;1.25413E-07
17/10/2018;5.76614E-07
17/10/2018;4.25766E-07
17/10/2018;7.98848E-07
17/10/2018;4.60539E-07
17/10/2018;3.35447E-07
17/10/2018;3.51115E-07
17/10/2018;8.97085E-08
17/10/2018;1.60519E-09
17/10/2018;1.01747E-07
17/10/2018;4.14066E-08
17/10/2018;1.79331E-07
17/10/2018;1.52538E-07
17/10/2018;1.96557E-08
17/10/2018;1.23696E-06
17/10/2018;1.85533E-06
17/10/2018;5.12239E-09
17/10/2018;2.10471E-07
17/10/2018;1.52006E-08
17/10/2018;5.69084E-12
17/10/2018;9.24041E-09
17/10/2018;2.61725E-09
17/10/2018;7.71212E-10
17/10/2018;1.23868E-09
17/10/2018;3.26912E-09
18/10/2018;4.18143E-09
18/10/2018;4.13596E-09
18/10/2018;3.27442E-08
18/10/2018;4.31907E-08
18/10/2018;2.61026E-08
18/10/2018;2.72178E-08
18/10/2018;1.35606E-07
18/10/2018;1.80661E-05
18/10/2018;3.66346E-07
18/10/2018;8.59889E-06
18/10/2018;4.17196E-05
18/10/2018;1.54324E-05
18/10/2018;4.46716E-06
18/10/2018;4.36033E-05
18/10/2018;2.32407E-05
18/10/2018;1.76303E-05
18/10/2018;9.82595E-06
18/10/2018;1.15326E-05
18/10/2018;1.46711E-05
18/10/2018;7.63201E-06
18/10/2018;4.89995E-05
18/10/2018;5.85215E-05
18/10/2018;3.81627E-05
18/10/2018;4.91545E-06
18/10/2018;1.38318E-05
18/10/2018;1.24768E-05
18/10/2018;1.62997E-05
18/10/2018;6.67932E-08
18/10/2018;1.30067E-07
18/10/2018;3.59683E-06
18/10/2018;2.19414E-06
18/10/2018;1.19095E-05
18/10/2018;0.002898845
18/10/2018;0.001984627
18/10/2018;8.75195E-05
18/10/2018;0.000976534
18/10/2018;1.30665E-05
18/10/2018;7.07995E-05
18/10/2018;7.80012E-07
18/10/2018;3.23693E-06
18/10/2018;9.85345E-06
18/10/2018;1.89567E-05
18/10/2018;5.87196E-07
18/10/2018;1.98625E-07
18/10/2018;2.42326E-06
18/10/2018;1.13165E-06
18/10/2018;1.37428E-06
18/10/2018;1.50771E-06
19/10/2018;1.91554E-06
19/10/2018;2.40196E-06
19/10/2018;3.72052E-07
19/10/2018;4.79659E-07
19/10/2018;2.04591E-07
19/10/2018;1.78121E-06
19/10/2018;8.26765E-07
19/10/2018;6.73333E-06
19/10/2018;6.20999E-08
19/10/2018;7.71641E-07
19/10/2018;1.09752E-07
19/10/2018;4.20227E-08
19/10/2018;1.51778E-06
19/10/2018;1.5146E-08
19/10/2018;4.17178E-08
19/10/2018;3.93965E-08
19/10/2018;1.51404E-08
19/10/2018;1.54961E-08
19/10/2018;1.19211E-08
19/10/2018;3.66518E-09
19/10/2018;1.10209E-07
19/10/2018;5.02038E-07
19/10/2018;1.41308E-08
19/10/2018;1.30838E-08
19/10/2018;1.60942E-08
19/10/2018;1.32972E-09
19/10/2018;2.2426E-07
19/10/2018;1.01418E-06
19/10/2018;1.3795E-07
19/10/2018;1.8053E-07
19/10/2018;2.26914E-08
19/10/2018;4.94101E-06
19/10/2018;5.5949E-07
19/10/2018;1.86963E-06
19/10/2018;3.4567E-07
19/10/2018;6.70585E-06
19/10/2018;2.74561E-07
19/10/2018;1.40253E-06
19/10/2018;4.86287E-07
19/10/2018;1.20147E-07
19/10/2018;3.51608E-07
19/10/2018;1.11493E-06
19/10/2018;3.76059E-07
19/10/2018;1.24605E-07
19/10/2018;6.79129E-08
19/10/2018;3.58175E-06
19/10/2018;3.76729E-08
19/10/2018;6.78545E-09
20/10/2018;7.5246E-09
20/10/2018;8.74647E-09
20/10/2018;1.33786E-09
20/10/2018;1.13156E-09
20/10/2018;2.77996E-08
20/10/2018;4.17445E-08
20/10/2018;6.64505E-07
20/10/2018;3.21813E-07
20/10/2018;1.66294E-08
20/10/2018;2.24967E-06
20/10/2018;3.52865E-07
20/10/2018;1.70549E-07
20/10/2018;8.9971E-07
20/10/2018;1.78682E-07
20/10/2018;8.50798E-06
20/10/2018;4.18247E-07
20/10/2018;8.93792E-08
20/10/2018;6.39139E-07
20/10/2018;5.37341E-07
20/10/2018;1.10145E-06
20/10/2018;9.65192E-10
20/10/2018;2.25531E-09
20/10/2018;6.2066E-09
20/10/2018;3.38046E-08
20/10/2018;1.24231E-08
20/10/2018;1.39933E-08
20/10/2018;9.68397E-10
20/10/2018;3.01289E-09
20/10/2018;2.92331E-07
20/10/2018;1.94303E-06
20/10/2018;1.44978E-08
20/10/2018;1.04062E-06
20/10/2018;2.35735E-06
20/10/2018;1.01426E-05
20/10/2018;1.14827E-06
20/10/2018;4.22059E-06
20/10/2018;9.66732E-07
20/10/2018;1.69003E-06
20/10/2018;1.82395E-06
20/10/2018;3.83449E-08
20/10/2018;3.13514E-08
20/10/2018;1.66263E-08
20/10/2018;1.58452E-08
20/10/2018;1.25027E-09
20/10/2018;6.30623E-08
20/10/2018;3.42148E-07
20/10/2018;6.35147E-08
20/10/2018;6.71224E-07
21/10/2018;3.4218E-06
21/10/2018;3.90216E-06
21/10/2018;1.92481E-06
21/10/2018;5.33432E-06
21/10/2018;1.21987E-05
21/10/2018;2.56672E-06
21/10/2018;6.64134E-06
21/10/2018;4.83515E-05
21/10/2018;2.25981E-05
21/10/2018;1.05527E-06
21/10/2018;7.10716E-05
21/10/2018;1.65996E-05
21/10/2018;1.59081E-06
21/10/2018;1.48377E-05
21/10/2018;6.09085E-07
21/10/2018;4.39917E-05
21/10/2018;4.19135E-06
21/10/2018;1.21275E-05
21/10/2018;2.2532E-06
21/10/2018;3.16993E-06
21/10/2018;1.35989E-06
21/10/2018;1.27704E-07
21/10/2018;1.36081E-07
21/10/2018;6.12784E-08
21/10/2018;6.17213E-09
21/10/2018;1.56314E-08
21/10/2018;2.17648E-08
21/10/2018;2.32933E-08
21/10/2018;6.6759E-08
21/10/2018;2.6421E-09
21/10/2018;2.04102E-08
21/10/2018;2.10548E-08
21/10/2018;2.06835E-08
21/10/2018;4.51161E-07
21/10/2018;4.63419E-07
21/10/2018;3.61973E-06
21/10/2018;7.90334E-07
21/10/2018;4.95827E-06
21/10/2018;8.03251E-08
21/10/2018;4.5988E-07
21/10/2018;3.79728E-07
21/10/2018;1.06689E-06
21/10/2018;2.89346E-07
21/10/2018;5.89776E-07
21/10/2018;1.2121E-06
21/10/2018;2.40429E-06
21/10/2018;3.74289E-08
21/10/2018;6.6518E-08
22/10/2018;1.38459E-07
22/10/2018;6.31117E-07
22/10/2018;1.36562E-06
22/10/2018;1.66377E-06
22/10/2018;2.56099E-07
22/10/2018;4.81555E-07
22/10/2018;2.40664E-06
22/10/2018;4.25751E-07
22/10/2018;3.61642E-07
22/10/2018;2.46264E-06
22/10/2018;8.52234E-06
22/10/2018;1.73885E-06
22/10/2018;6.48695E-06
22/10/2018;1.73932E-06
22/10/2018;4.80741E-07
22/10/2018;3.23986E-06
22/10/2018;2.5532E-07
22/10/2018;2.99908E-08
22/10/2018;1.92336E-08
22/10/2018;1.00296E-08
22/10/2018;6.91251E-10
22/10/2018;2.96818E-09
22/10/2018;2.69264E-08
22/10/2018;7.31698E-08
22/10/2018;3.47105E-08
22/10/2018;1.81189E-08
22/10/2018;1.03316E-08
22/10/2018;2.93492E-09
22/10/2018;3.58428E-07
22/10/2018;1.65422E-07
22/10/2018;3.91703E-08
22/10/2018;3.14475E-08
22/10/2018;2.92716E-07
22/10/2018;9.74873E-08
22/10/2018;1.78666E-08
22/10/2018;9.23549E-10
22/10/2018;2.85759E-07
22/10/2018;6.15248E-08
22/10/2018;1.14018E-06
22/10/2018;7.74007E-09
22/10/2018;3.16951E-10
22/10/2018;1.71466E-09
22/10/2018;7.56656E-10
22/10/2018;2.31367E-09
22/10/2018;2.75464E-09
22/10/2018;8.90533E-09
22/10/2018;7.98277E-10
22/10/2018;4.08092E-09
23/10/2018;8.53695E-09
23/10/2018;3.04161E-09
23/10/2018;7.56047E-09
23/10/2018;2.4079E-08
23/10/2018;1.09699E-06
23/10/2018;8.72931E-07
23/10/2018;6.12167E-09
23/10/2018;3.80994E-10
23/10/2018;2.1067E-07
23/10/2018;7.39156E-07
23/10/2018;2.04331E-07
23/10/2018;5.00681E-07
23/10/2018;6.40923E-08
23/10/2018;4.81698E-08
23/10/2018;8.03968E-09
23/10/2018;2.77539E-07
23/10/2018;6.22915E-09
23/10/2018;1.40352E-07
23/10/2018;4.19074E-07
23/10/2018;5.56035E-08
23/10/2018;8.53716E-09
23/10/2018;3.21069E-10
23/10/2018;1.58424E-09
23/10/2018;3.25068E-09
23/10/2018;3.28146E-08
23/10/2018;4.36291E-10
23/10/2018;3.22362E-09
23/10/2018;2.67656E-09
23/10/2018;1.32586E-08
23/10/2018;3.82041E-08
23/10/2018;4.32922E-09
23/10/2018;2.43201E-09
23/10/2018;8.84346E-09
23/10/2018;1.19058E-07
23/10/2018;2.97274E-07
23/10/2018;9.50258E-08
23/10/2018;1.45393E-09
23/10/2018;1.36757E-07
23/10/2018;4.1532E-07
23/10/2018;1.69535E-07
23/10/2018;3.4251E-06
23/10/2018;1.9334E-06
23/10/2018;1.29462E-07
23/10/2018;4.00383E-07
23/10/2018;2.88255E-07
23/10/2018;1.5085E-06
23/10/2018;3.9771E-07
23/10/2018;1.77016E-06
24/10/2018;2.0819E-06
24/10/2018;5.71016E-07
24/10/2018;2.85735E-07
24/10/2018;2.6922E-07
24/10/2018;8.99593E-08
24/10/2018;1.32278E-07
24/10/2018;3.3502E-08
24/10/2018;1.28363E-06
24/10/2018;1.13088E-07
24/10/2018;8.62208E-07
24/10/2018;3.32928E-06
24/10/2018;4.1451E-07
24/10/2018;2.72324E-07
24/10/2018;1.60826E-05
24/10/2018;4.24195E-05
24/10/2018;2.57712E-06
24/10/2018;6.86435E-06
24/10/2018;1.50359E-05
24/10/2018;1.30971E-05
24/10/2018;1.26935E-05
24/10/2018;7.69719E-07
24/10/2018;1.2419E-06
24/10/2018;1.56725E-07
24/10/2018;6.07023E-07
24/10/2018;3.4346E-07
24/10/2018;2.04776E-08
24/10/2018;1.54492E-06
24/10/2018;1.99931E-07
24/10/2018;3.10398E-08
24/10/2018;4.68841E-08
24/10/2018;2.05183E-07
24/10/2018;1.63931E-07
24/10/2018;5.5444E-08
24/10/2018;1.30324E-06
24/10/2018;5.00685E-08
24/10/2018;3.92361E-08
24/10/2018;9.1925E-07
24/10/2018;9.00376E-06
24/10/2018;8.91437E-07
24/10/2018;3.84671E-07
24/10/2018;1.79379E-07
24/10/2018;6.21192E-07
24/10/2018;2.18811E-07
24/10/2018;1.32249E-08
24/10/2018;1.44017E-06
24/10/2018;3.71742E-07
24/10/2018;8.84701E-08
24/10/2018;7.04865E-07
25/10/2018;1.04522E-06
25/10/2018;4.12357E-08
25/10/2018;3.16187E-06
25/10/2018;1.66814E-05
25/10/2018;1.82156E-06
25/10/2018;1.2884E-05
25/10/2018;1.10447E-06
25/10/2018;6.39011E-07
25/10/2018;3.08257E-06
25/10/2018;1.86821E-06
25/10/2018;8.03776E-07
25/10/2018;2.29923E-05
25/10/2018;2.65199E-08
25/10/2018;2.18694E-06
25/10/2018;1.14812E-05
25/10/2018;1.92565E-06
25/10/2018;3.85188E-07
25/10/2018;1.28598E-06
25/10/2018;1.98588E-06
25/10/2018;1.20134E-06
25/10/2018;1.70659E-06
25/10/2018;7.32199E-07
25/10/2018;6.64263E-07
25/10/2018;0.00016436
25/10/2018;0.000102797
25/10/2018;7.13285E-07
25/10/2018;2.16515E-06
25/10/2018;1.18984E-06
25/10/2018;3.16098E-07
25/10/2018;1.54103E-07
25/10/2018;1.18814E-08
25/10/2018;4.04381E-08
25/10/2018;1.30231E-08
25/10/2018;3.70663E-09
25/10/2018;2.75304E-08
25/10/2018;6.91927E-09
25/10/2018;1.0943E-08
25/10/2018;8.67245E-07
25/10/2018;1.3472E-06
25/10/2018;9.65839E-07
25/10/2018;2.65779E-07
25/10/2018;3.25523E-07
25/10/2018;3.06221E-09
25/10/2018;3.01886E-07
25/10/2018;1.43068E-09
25/10/2018;2.14498E-07
25/10/2018;2.25886E-07
25/10/2018;2.44777E-06
26/10/2018;9.31261E-07
26/10/2018;9.61054E-07
26/10/2018;2.35635E-08
26/10/2018;2.4216E-07
26/10/2018;3.36495E-07
26/10/2018;2.76007E-09
26/10/2018;2.52089E-08
26/10/2018;7.97779E-09
26/10/2018;6.40246E-09
26/10/2018;3.49798E-09
26/10/2018;8.52187E-10
26/10/2018;9.05242E-09
26/10/2018;6.42029E-09
26/10/2018;2.00031E-09
26/10/2018;1.84612E-10
26/10/2018;3.98412E-11
26/10/2018;4.0082E-11
26/10/2018;9.74418E-11
26/10/2018;1.25309E-08
26/10/2018;7.97733E-08
26/10/2018;4.27774E-11
26/10/2018;9.7103E-12
26/10/2018;7.14886E-10
26/10/2018;2.02579E-09
26/10/2018;3.4565E-10
26/10/2018;2.25781E-10
26/10/2018;1.24511E-09
26/10/2018;1.62914E-09
26/10/2018;1.18799E-09
26/10/2018;3.01329E-09
26/10/2018;1.58277E-08
26/10/2018;1.3152E-08
26/10/2018;2.6744E-10
26/10/2018;2.10976E-09
26/10/2018;1.15327E-09
26/10/2018;1.87334E-08
26/10/2018;5.9475E-09
26/10/2018;3.51839E-08
26/10/2018;1.1523E-08
26/10/2018;1.3212E-08
26/10/2018;3.93217E-07
26/10/2018;9.05452E-07
26/10/2018;1.65324E-06
26/10/2018;5.88374E-08
26/10/2018;1.99488E-07
26/10/2018;4.61947E-07
26/10/2018;1.56331E-09
26/10/2018;9.54564E-11
27/10/2018;3.67845E-09
27/10/2018;2.00509E-11
27/10/2018;1.1198E-10
27/10/2018;2.55216E-10
27/10/2018;2.19849E-10
27/10/2018;1.58339E-09
27/10/2018;2.66956E-10
27/10/2018;2.38482E-09
27/10/2018;1.54522E-09
27/10/2018;6.4142E-10
27/10/2018;1.11361E-09
27/10/2018;1.42317E-09
27/10/2018;9.58896E-10
27/10/2018;2.09187E-10
27/10/2018;5.84505E-10
27/10/2018;2.29624E-09
27/10/2018;9.32249E-10
27/10/2018;1.37932E-10
27/10/2018;1.51469E-13
27/10/2018;1.78999E-11
27/10/2018;9.83496E-11
27/10/2018;5.67251E-11
27/10/2018;9.58798E-12
27/10/2018;1.24506E-10
27/10/2018;1.12725E-11
27/10/2018;1.41282E-10
27/10/2018;3.36874E-11
27/10/2018;1.40245E-09
27/10/2018;1.44477E-09
27/10/2018;1.48031E-10
27/10/2018;2.97094E-10
27/10/2018;2.30478E-09
27/10/2018;9.43463E-10
27/10/2018;1.73445E-09
27/10/2018;2.11435E-08
27/10/2018;1.56718E-08
27/10/2018;3.11027E-07
27/10/2018;2.47936E-07
27/10/2018;1.00103E-07
27/10/2018;2.05701E-07
27/10/2018;9.9727E-08
27/10/2018;2.16368E-07
27/10/2018;3.02434E-07
27/10/2018;1.1424E-07
27/10/2018;4.1538E-10
27/10/2018;2.00839E-08
27/10/2018;3.28234E-08
27/10/2018;2.82657E-09
28/10/2018;4.11552E-10
28/10/2018;9.14186E-10
28/10/2018;2.8137E-07
28/10/2018;6.21572E-08
28/10/2018;1.41239E-08
28/10/2018;4.03539E-08
28/10/2018;5.40771E-08
28/10/2018;6.57164E-08
28/10/2018;3.40173E-06
28/10/2018;4.57233E-06
28/10/2018;7.0163E-07
28/10/2018;7.29518E-08
28/10/2018;3.56557E-08
28/10/2018;1.78981E-09
28/10/2018;1.62902E-10
28/10/2018;1.12586E-08
28/10/2018;1.49707E-08
28/10/2018;2.77192E-09
28/10/2018;1.21987E-08
28/10/2018;2.48559E-10
28/10/2018;1.6215E-09
28/10/2018;2.76137E-10
28/10/2018;5.17771E-09
28/10/2018;2.41072E-09
28/10/2018;2.7978E-08
28/10/2018;3.90728E-10
28/10/2018;7.72827E-09
28/10/2018;1.66622E-09
28/10/2018;4.56563E-09
28/10/2018;1.74077E-09
28/10/2018;3.76771E-08
28/10/2018;9.42099E-09
28/10/2018;4.01601E-09
28/10/2018;5.94909E-09
28/10/2018;1.68592E-07
28/10/2018;7.14803E-07
28/10/2018;9.80944E-08
28/10/2018;1.56617E-07
28/10/2018;8.26767E-09
28/10/2018;1.78521E-08
28/10/2018;1.25714E-06
28/10/2018;1.168E-09
28/10/2018;2.98245E-08
28/10/2018;2.42113E-08
28/10/2018;2.05716E-09
28/10/2018;1.86845E-08
28/10/2018;1.42173E-08
28/10/2018;1.14753E-08
29/10/2018;4.03026E-09
29/10/2018;6.33195E-10
29/10/2018;6.62163E-10
29/10/2018;1.71063E-08
29/10/2018;4.42704E-08
29/10/2018;5.04373E-08
29/10/2018;5.10121E-07
29/10/2018;1.13688E-07
29/10/2018;2.3567E-07
29/10/2018;1.5442E-07
29/10/2018;1.53581E-07
29/10/2018;6.36381E-06
29/10/2018;5.50187E-07
29/10/2018;2.60108E-07
29/10/2018;6.66595E-07
29/10/2018;1.00578E-06
29/10/2018;7.69268E-08
29/10/2018;1.40262E-06
29/10/2018;4.41108E-06
29/10/2018;1.08773E-06
29/10/2018;2.03925E-05
29/10/2018;9.78557E-06
29/10/2018;2.46178E-07
29/10/2018;2.5256E-07
29/10/2018;1.32147E-06
29/10/2018;4.27909E-08
29/10/2018;4.99937E-07
29/10/2018;4.17869E-05
29/10/2018;7.50861E-07
29/10/2018;1.30036E-06
29/10/2018;7.62087E-08
29/10/2018;4.18515E-09
29/10/2018;3.64767E-08
29/10/2018;4.20576E-08
29/10/2018;6.84645E-08
29/10/2018;4.67546E-08
29/10/2018;1.79377E-07
29/10/2018;6.35716E-08
29/10/2018;2.84744E-09
29/10/2018;1.14855E-07
29/10/2018;3.80104E-09
29/10/2018;1.91877E-08
29/10/2018;6.58763E-08
29/10/2018;2.22819E-10
29/10/2018;1.93931E-08
29/10/2018;7.51631E-10
29/10/2018;7.95545E-09
29/10/2018;4.7141E-09
30/10/2018;6.99724E-09
30/10/2018;5.53495E-10
30/10/2018;6.69281E-10
30/10/2018;5.00139E-09
30/10/2018;9.0411E-09
30/10/2018;6.43643E-09
30/10/2018;8.54045E-10
30/10/2018;1.30562E-08
30/10/2018;2.11035E-10
30/10/2018;2.7661E-09
30/10/2018;3.87867E-10
30/10/2018;1.05809E-09
30/10/2018;3.87178E-09
30/10/2018;1.09543E-08
30/10/2018;3.01734E-09
30/10/2018;3.8854E-08
30/10/2018;1.18205E-07
30/10/2018;2.19676E-06
30/10/2018;3.49936E-07
30/10/2018;1.70558E-08
30/10/2018;2.90131E-08
30/10/2018;3.69571E-08
30/10/2018;2.46614E-08
30/10/2018;1.21882E-06
30/10/2018;2.04197E-08
30/10/2018;2.79274E-08
30/10/2018;7.77951E-08
30/10/2018;4.01468E-08
30/10/2018;1.65347E-08
30/10/2018;2.96722E-08
30/10/2018;2.58121E-08
30/10/2018;9.73616E-09
30/10/2018;4.04041E-10
30/10/2018;7.29375E-09
30/10/2018;1.62596E-09
30/10/2018;2.26499E-10
30/10/2018;2.49672E-09
30/10/2018;8.026E-09
30/10/2018;4.58749E-08
30/10/2018;2.58806E-08
30/10/2018;1.10276E-07
30/10/2018;6.87777E-08
30/10/2018;2.52002E-09
30/10/2018;8.06776E-09
30/10/2018;1.18797E-09
30/10/2018;1.39989E-07
30/10/2018;3.80519E-09
30/10/2018;1.51865E-08
31/10/2018;5.37541E-09
31/10/2018;4.9122E-08
31/10/2018;1.97015E-07
31/10/2018;2.75386E-07
31/10/2018;4.13057E-08
31/10/2018;4.09245E-08
31/10/2018;8.47164E-08
31/10/2018;1.30862E-08
31/10/2018;9.61131E-09
31/10/2018;3.11106E-10
31/10/2018;3.94974E-10
31/10/2018;3.85105E-09
31/10/2018;2.52143E-07
31/10/2018;6.76757E-09
31/10/2018;8.56686E-10
31/10/2018;8.54774E-07
31/10/2018;5.50571E-07
31/10/2018;1.46712E-06
31/10/2018;2.29027E-07
31/10/2018;4.68844E-07
31/10/2018;1.87737E-08
31/10/2018;5.75099E-08
31/10/2018;2.95991E-08
31/10/2018;1.38606E-07
31/10/2018;9.70038E-10
31/10/2018;8.74542E-08
31/10/2018;2.71463E-10
31/10/2018;3.10732E-09
31/10/2018;4.18045E-08
31/10/2018;1.45797E-09
31/10/2018;9.08305E-10
31/10/2018;1.0211E-09
31/10/2018;1.26545E-09
31/10/2018;4.49697E-09
31/10/2018;5.1314E-10
31/10/2018;2.56848E-09
31/10/2018;5.61863E-10
31/10/2018;1.54481E-08
31/10/2018;2.76507E-09
31/10/2018;8.49222E-10
31/10/2018;3.36335E-10
31/10/2018;6.49176E-09
31/10/2018;1.98417E-09
31/10/2018;1.57857E-07
31/10/2018;3.48924E-08
31/10/2018;4.71073E-06
31/10/2018;6.22466E-07
31/10/2018;2.81318E-07
01/11/2018;1.34084E-06
01/11/2018;3.08815E-07
01/11/2018;2.35525E-06
01/11/2018;1.27513E-05
01/11/2018;4.8855E-06
01/11/2018;5.76854E-07
01/11/2018;4.59198E-07
01/11/2018;2.07491E-06
01/11/2018;9.54148E-09
01/11/2018;6.12586E-07
01/11/2018;3.00192E-09
01/11/2018;2.389E-08
01/11/2018;8.03327E-10
01/11/2018;1.91979E-12
