date;Leverage;No leverage;datealt;CRIX
02/09/2018;1;1;02/09/2018;1
02/09/2018;1.000223;0.999893;03/09/2018;1.010702923
02/09/2018;1.001157;0.998981;04/09/2018;0.987026485
02/09/2018;1.001019;0.999833;05/09/2018;1.093439164
02/09/2018;1.000518;1.001826;06/09/2018;0.998661206
02/09/2018;0.999359;1.000536;07/09/2018;0.991604168
02/09/2018;0.999011;1.003563;08/09/2018;0.999773513
02/09/2018;0.998884;1.002294;09/09/2018;0.948070475
02/09/2018;0.999025;1.001915;10/09/2018;0.948324519
02/09/2018;0.998807;1.000488;11/09/2018;0.952561705
02/09/2018;0.998505;1.002944;12/09/2018;0.932161228
02/09/2018;0.998325;1.002548;13/09/2018;0.913013946
02/09/2018;0.998324;1.001833;14/09/2018;0.957829546
02/09/2018;0.99824;0.998938;15/09/2018;0.950113987
02/09/2018;0.998173;0.994605;16/09/2018;0.964651742
02/09/2018;0.999328;1.0089;17/09/2018;0.997351878
02/09/2018;0.998901;1.008197;18/09/2018;0.932015459
02/09/2018;0.998987;1.008079;19/09/2018;0.959150873
02/09/2018;0.998886;1.007213;20/09/2018;0.947178602
02/09/2018;0.998728;1.000414;21/09/2018;0.966651666
02/09/2018;0.998529;0.99349;22/09/2018;1.047324614
02/09/2018;0.998601;0.993497;23/09/2018;1.042592953
02/09/2018;0.998642;1.001496;24/09/2018;1.066297634
02/09/2018;0.998667;1.007492;25/09/2018;1.04118806
02/09/2018;0.998714;1.01126;26/09/2018;1.020808521
02/09/2018;0.998788;1.012076;27/09/2018;0.989235158
02/09/2018;0.998891;1.013713;28/09/2018;1.044229982
02/09/2018;0.998697;1.012099;29/09/2018;1.03431336
02/09/2018;0.998576;1.010384;30/09/2018;1.039963451
02/09/2018;0.998572;1.010466;01/10/2018;1.048422058
02/09/2018;0.998396;1.011521;02/10/2018;1.056112075
02/09/2018;0.998384;1.00867;03/10/2018;1.035328028
02/09/2018;0.998387;1.008906;04/10/2018;1.016348385
02/09/2018;0.998376;1.007694;05/10/2018;1.017312519
02/09/2018;0.998262;1.006531;06/10/2018;1.031574076
02/09/2018;0.998229;1.002967;07/10/2018;1.016239087
02/09/2018;0.998212;0.99957;08/10/2018;1.010572492
02/09/2018;0.998149;0.996125;09/10/2018;1.027306131
02/09/2018;0.998042;0.986163;10/10/2018;1.027709608
02/09/2018;0.997999;0.980493;11/10/2018;1.077516724
02/09/2018;0.997978;0.976034;12/10/2018;0.974799792
02/09/2018;0.997982;0.977931;13/10/2018;0.991964873
02/09/2018;0.997991;0.983207;14/10/2018;0.997738568
02/09/2018;0.997991;0.986444;15/10/2018;0.939402999
02/09/2018;0.997982;0.97862;16/10/2018;1.000999315
02/09/2018;0.997969;0.976557;17/10/2018;1.005553953
02/09/2018;0.997969;0.980529;18/10/2018;1.019633386
02/09/2018;0.998031;0.982561;19/10/2018;1.000636628
03/09/2018;0.998139;0.985216;20/10/2018;0.993745048
03/09/2018;0.998047;0.986472;21/10/2018;0.999833278
03/09/2018;0.998053;0.990858;22/10/2018;1.002483857
03/09/2018;0.998024;0.993702;23/10/2018;1.000854352
03/09/2018;0.998022;0.991465;24/10/2018;0.992909656
03/09/2018;0.998016;0.99148;25/10/2018;0.995853259
03/09/2018;0.997942;0.98908;26/10/2018;0.994470991
03/09/2018;0.997939;0.992698;27/10/2018;0.993931222
03/09/2018;0.997937;0.991995;28/10/2018;0.989847181
03/09/2018;0.997905;0.991097;29/10/2018;1.020198803
03/09/2018;0.997901;0.989054;30/10/2018;0.984141219
03/09/2018;0.997899;0.990279;31/10/2018;0.986965494
03/09/2018;0.997899;0.991093;01/11/2018;0.988130297
03/09/2018;0.9979;0.991603;;
03/09/2018;0.997886;0.989176;;
03/09/2018;0.997957;0.99159;;
03/09/2018;0.997967;0.991941;;
03/09/2018;0.997823;0.990998;;
03/09/2018;0.997803;0.992152;;
03/09/2018;0.997635;0.988558;;
03/09/2018;0.997555;0.993001;;
03/09/2018;0.997525;0.991449;;
03/09/2018;0.997531;0.992013;;
03/09/2018;0.997521;0.993791;;
03/09/2018;0.997517;0.991318;;
03/09/2018;0.997515;0.989395;;
03/09/2018;0.997504;0.982031;;
03/09/2018;0.997519;0.981522;;
03/09/2018;0.99748;0.992589;;
03/09/2018;0.997476;0.988797;;
03/09/2018;0.997475;0.989968;;
03/09/2018;0.997468;0.990611;;
03/09/2018;0.997467;0.989346;;
03/09/2018;0.997459;0.987768;;
03/09/2018;0.997461;0.986336;;
03/09/2018;0.997467;0.985327;;
03/09/2018;0.997427;0.979619;;
03/09/2018;0.997434;0.980551;;
03/09/2018;0.997393;0.981794;;
03/09/2018;0.997381;0.979022;;
03/09/2018;0.997359;0.981153;;
03/09/2018;0.997354;0.981724;;
03/09/2018;0.997355;0.981324;;
03/09/2018;0.99736;0.983766;;
03/09/2018;0.997359;0.986771;;
03/09/2018;0.997353;0.988357;;
03/09/2018;0.99735;0.986567;;
03/09/2018;0.997349;0.987149;;
04/09/2018;0.99735;0.986932;;
04/09/2018;0.997343;0.987115;;
04/09/2018;0.997343;0.985805;;
04/09/2018;0.997343;0.98613;;
04/09/2018;0.997342;0.984537;;
04/09/2018;0.997345;0.989191;;
04/09/2018;0.997347;0.991505;;
04/09/2018;0.997345;0.992315;;
04/09/2018;0.997348;0.99333;;
04/09/2018;0.997344;0.991889;;
04/09/2018;0.997331;0.990645;;
04/09/2018;0.997327;0.990541;;
04/09/2018;0.997208;0.990902;;
04/09/2018;0.997196;0.989934;;
04/09/2018;0.997188;0.988329;;
04/09/2018;0.997193;0.987739;;
04/09/2018;0.997142;0.987192;;
04/09/2018;0.997154;0.987526;;
04/09/2018;0.997119;0.985334;;
04/09/2018;0.99709;0.986418;;
04/09/2018;0.997156;0.988902;;
04/09/2018;0.997276;0.990559;;
04/09/2018;0.996939;0.988042;;
04/09/2018;0.99687;0.987481;;
04/09/2018;0.996842;0.986216;;
04/09/2018;0.99683;0.983224;;
04/09/2018;0.996838;0.982232;;
04/09/2018;0.99682;0.98268;;
04/09/2018;0.996817;0.979591;;
04/09/2018;0.996817;0.978671;;
04/09/2018;0.996803;0.976064;;
04/09/2018;0.996951;0.979156;;
04/09/2018;0.996881;0.981066;;
04/09/2018;0.99689;0.981636;;
04/09/2018;0.996874;0.983807;;
04/09/2018;0.996881;0.983998;;
04/09/2018;0.996876;0.983047;;
04/09/2018;0.996861;0.980979;;
04/09/2018;0.996864;0.981061;;
04/09/2018;0.99685;0.98037;;
04/09/2018;0.99685;0.981292;;
04/09/2018;0.996854;0.981904;;
04/09/2018;0.996854;0.982634;;
04/09/2018;0.996831;0.979093;;
04/09/2018;0.996851;0.978216;;
04/09/2018;0.996829;0.979535;;
04/09/2018;0.9968;0.978125;;
04/09/2018;0.996758;0.974281;;
05/09/2018;0.996778;0.977014;;
05/09/2018;0.996761;0.972718;;
05/09/2018;0.996761;0.974564;;
05/09/2018;0.996742;0.973097;;
05/09/2018;0.996747;0.976047;;
05/09/2018;0.996763;0.982237;;
05/09/2018;0.996748;0.980678;;
05/09/2018;0.996732;0.976579;;
05/09/2018;0.996731;0.976167;;
05/09/2018;0.99672;0.970747;;
05/09/2018;0.996712;0.971275;;
05/09/2018;0.996712;0.974431;;
05/09/2018;0.996713;0.974918;;
05/09/2018;0.996713;0.974612;;
05/09/2018;0.996711;0.973106;;
05/09/2018;0.996711;0.974287;;
05/09/2018;0.996711;0.973839;;
05/09/2018;0.996711;0.972873;;
05/09/2018;0.996712;0.974241;;
05/09/2018;0.99671;0.976079;;
05/09/2018;0.99671;0.976436;;
05/09/2018;0.99671;0.976538;;
05/09/2018;0.99671;0.974758;;
05/09/2018;0.996709;0.974869;;
05/09/2018;0.996708;0.973564;;
05/09/2018;0.996708;0.972857;;
05/09/2018;0.996699;0.973371;;
05/09/2018;0.996698;0.971636;;
05/09/2018;0.996696;0.970858;;
05/09/2018;0.996696;0.97183;;
05/09/2018;0.996696;0.971689;;
05/09/2018;0.996696;0.972296;;
05/09/2018;0.996696;0.971155;;
05/09/2018;0.996694;0.970504;;
05/09/2018;0.996693;0.968392;;
05/09/2018;0.996687;0.968843;;
05/09/2018;0.996687;0.968868;;
05/09/2018;0.996687;0.965286;;
05/09/2018;0.996686;0.937164;;
05/09/2018;0.996686;0.928071;;
05/09/2018;0.996687;0.934469;;
05/09/2018;0.996687;0.934264;;
05/09/2018;0.996687;0.940399;;
05/09/2018;0.996687;0.939715;;
05/09/2018;0.996688;0.941573;;
05/09/2018;0.996687;0.947162;;
05/09/2018;0.996687;0.943551;;
05/09/2018;0.996687;0.942431;;
06/09/2018;0.996685;0.936466;;
06/09/2018;0.996684;0.929009;;
06/09/2018;0.996683;0.926665;;
06/09/2018;0.996682;0.905749;;
06/09/2018;0.996682;0.898631;;
06/09/2018;0.996683;0.90256;;
06/09/2018;0.996683;0.908975;;
06/09/2018;0.996683;0.907821;;
06/09/2018;0.996683;0.902544;;
06/09/2018;0.996682;0.90361;;
06/09/2018;0.996683;0.907131;;
06/09/2018;0.996683;0.910095;;
06/09/2018;0.996682;0.908416;;
06/09/2018;0.996682;0.906665;;
06/09/2018;0.996682;0.896011;;
06/09/2018;0.996683;0.897855;;
06/09/2018;0.996682;0.894169;;
06/09/2018;0.996682;0.892358;;
06/09/2018;0.996651;0.875673;;
06/09/2018;0.996697;0.910581;;
06/09/2018;0.996735;0.910535;;
06/09/2018;0.99675;0.926312;;
06/09/2018;0.996743;0.925859;;
06/09/2018;0.996743;0.920179;;
06/09/2018;0.996727;0.916341;;
06/09/2018;0.996728;0.917798;;
06/09/2018;0.996784;0.924229;;
06/09/2018;0.996861;0.926717;;
06/09/2018;0.996777;0.92428;;
06/09/2018;0.996699;0.919982;;
06/09/2018;0.99671;0.917685;;
06/09/2018;0.997365;0.922694;;
06/09/2018;0.997007;0.921126;;
06/09/2018;0.997075;0.923821;;
06/09/2018;0.996976;0.91977;;
06/09/2018;0.997001;0.920622;;
06/09/2018;0.996995;0.92514;;
06/09/2018;0.99694;0.918461;;
06/09/2018;0.996917;0.916143;;
06/09/2018;0.996917;0.917033;;
06/09/2018;0.996915;0.919136;;
06/09/2018;0.996911;0.924013;;
06/09/2018;0.996908;0.921109;;
06/09/2018;0.996909;0.921097;;
06/09/2018;0.996911;0.923671;;
06/09/2018;0.99691;0.934861;;
06/09/2018;0.99691;0.933385;;
06/09/2018;0.996909;0.934311;;
07/09/2018;0.99691;0.934697;;
07/09/2018;0.996907;0.933655;;
07/09/2018;0.996909;0.935691;;
07/09/2018;0.996908;0.934607;;
07/09/2018;0.996906;0.933846;;
07/09/2018;0.996897;0.928401;;
07/09/2018;0.996883;0.931323;;
07/09/2018;0.996883;0.931148;;
07/09/2018;0.996886;0.932386;;
07/09/2018;0.996881;0.935282;;
07/09/2018;0.996881;0.933693;;
07/09/2018;0.996878;0.934987;;
07/09/2018;0.996879;0.934925;;
07/09/2018;0.99687;0.931055;;
07/09/2018;0.99687;0.930576;;
07/09/2018;0.996914;0.942263;;
07/09/2018;0.996898;0.936696;;
07/09/2018;0.996901;0.942573;;
07/09/2018;0.9969;0.939772;;
07/09/2018;0.996908;0.940833;;
07/09/2018;0.996915;0.943841;;
07/09/2018;0.996905;0.94676;;
07/09/2018;0.996894;0.951166;;
07/09/2018;0.996894;0.950102;;
07/09/2018;0.996894;0.950366;;
07/09/2018;0.996894;0.949262;;
07/09/2018;0.996893;0.94739;;
07/09/2018;0.996893;0.946253;;
07/09/2018;0.996896;0.947296;;
07/09/2018;0.996894;0.94578;;
07/09/2018;0.996891;0.943898;;
07/09/2018;0.996887;0.9396;;
07/09/2018;0.996887;0.936454;;
07/09/2018;0.996889;0.937727;;
07/09/2018;0.996884;0.932171;;
07/09/2018;0.996884;0.931831;;
07/09/2018;0.996882;0.930334;;
07/09/2018;0.996882;0.931019;;
07/09/2018;0.996879;0.922806;;
07/09/2018;0.99688;0.924837;;
07/09/2018;0.996877;0.925034;;
07/09/2018;0.996876;0.92544;;
07/09/2018;0.996878;0.929939;;
07/09/2018;0.996877;0.931082;;
07/09/2018;0.996876;0.930041;;
07/09/2018;0.996876;0.928217;;
07/09/2018;0.996876;0.929469;;
07/09/2018;0.996876;0.92422;;
08/09/2018;0.996876;0.923003;;
08/09/2018;0.996876;0.922094;;
08/09/2018;0.996876;0.926137;;
08/09/2018;0.996876;0.925773;;
08/09/2018;0.996876;0.923613;;
08/09/2018;0.996876;0.921776;;
08/09/2018;0.996876;0.920488;;
08/09/2018;0.996876;0.920313;;
08/09/2018;0.996876;0.920299;;
08/09/2018;0.996876;0.919267;;
08/09/2018;0.996876;0.918956;;
08/09/2018;0.996876;0.917216;;
08/09/2018;0.996875;0.904738;;
08/09/2018;0.996876;0.916163;;
08/09/2018;0.996876;0.909424;;
08/09/2018;0.996876;0.913804;;
08/09/2018;0.996875;0.913197;;
08/09/2018;0.996875;0.910839;;
08/09/2018;0.996879;0.908404;;
08/09/2018;0.996885;0.910167;;
08/09/2018;0.996881;0.908124;;
08/09/2018;0.996871;0.904139;;
08/09/2018;0.996912;0.9141;;
08/09/2018;0.996871;0.911349;;
08/09/2018;0.996873;0.911885;;
08/09/2018;0.996863;0.910572;;
08/09/2018;0.996852;0.906143;;
08/09/2018;0.996856;0.90401;;
08/09/2018;0.997717;0.917782;;
08/09/2018;0.997242;0.91595;;
08/09/2018;0.997161;0.912358;;
08/09/2018;0.997275;0.912912;;
08/09/2018;0.996941;0.914157;;
08/09/2018;0.996842;0.918405;;
08/09/2018;0.99674;0.919527;;
08/09/2018;0.996739;0.919499;;
08/09/2018;0.996727;0.919713;;
08/09/2018;0.996716;0.91988;;
08/09/2018;0.996717;0.919649;;
08/09/2018;0.996718;0.919628;;
08/09/2018;0.99671;0.91876;;
08/09/2018;0.996709;0.918108;;
08/09/2018;0.996709;0.918563;;
08/09/2018;0.996708;0.917442;;
08/09/2018;0.996707;0.916913;;
08/09/2018;0.996704;0.916971;;
08/09/2018;0.996705;0.917406;;
08/09/2018;0.996698;0.915962;;
09/09/2018;0.996698;0.915828;;
09/09/2018;0.996697;0.91477;;
09/09/2018;0.996697;0.914588;;
09/09/2018;0.996696;0.908259;;
09/09/2018;0.996695;0.901968;;
09/09/2018;0.996695;0.894201;;
09/09/2018;0.996695;0.894886;;
09/09/2018;0.996695;0.899391;;
09/09/2018;0.996695;0.892608;;
09/09/2018;0.996695;0.891708;;
09/09/2018;0.996695;0.885655;;
09/09/2018;0.996695;0.878064;;
09/09/2018;0.996695;0.871999;;
09/09/2018;0.996695;0.88189;;
09/09/2018;0.996695;0.888707;;
09/09/2018;0.996695;0.883875;;
09/09/2018;0.996695;0.886439;;
09/09/2018;0.996695;0.88789;;
09/09/2018;0.996695;0.883867;;
09/09/2018;0.996695;0.882233;;
09/09/2018;0.996695;0.884978;;
09/09/2018;0.996694;0.88009;;
09/09/2018;0.996694;0.87771;;
09/09/2018;0.996693;0.861156;;
09/09/2018;0.996694;0.866597;;
09/09/2018;0.996694;0.864152;;
09/09/2018;0.996693;0.863747;;
09/09/2018;0.996693;0.862915;;
09/09/2018;0.996694;0.871126;;
09/09/2018;0.996694;0.872688;;
09/09/2018;0.996693;0.8743;;
09/09/2018;0.996693;0.873988;;
09/09/2018;0.996693;0.871488;;
09/09/2018;0.996692;0.867469;;
09/09/2018;0.996721;0.872183;;
09/09/2018;0.996703;0.870604;;
09/09/2018;0.996708;0.875285;;
09/09/2018;0.996697;0.876571;;
09/09/2018;0.996695;0.875618;;
09/09/2018;0.996692;0.874898;;
09/09/2018;0.996692;0.87552;;
09/09/2018;0.996692;0.875168;;
09/09/2018;0.99669;0.872734;;
09/09/2018;0.996688;0.872939;;
09/09/2018;0.996686;0.872678;;
09/09/2018;0.996686;0.872187;;
09/09/2018;0.996686;0.872426;;
09/09/2018;0.996686;0.874092;;
10/09/2018;0.996685;0.874024;;
10/09/2018;0.996685;0.873986;;
10/09/2018;0.996681;0.872859;;
10/09/2018;0.996681;0.871609;;
10/09/2018;0.996663;0.867512;;
10/09/2018;0.996664;0.866956;;
10/09/2018;0.996659;0.870422;;
10/09/2018;0.996659;0.869547;;
10/09/2018;0.996661;0.872125;;
10/09/2018;0.99666;0.873852;;
10/09/2018;0.996659;0.872268;;
10/09/2018;0.996661;0.873016;;
10/09/2018;0.99666;0.873024;;
10/09/2018;0.996655;0.870364;;
10/09/2018;0.996655;0.868827;;
10/09/2018;0.996656;0.869231;;
10/09/2018;0.996654;0.86883;;
10/09/2018;0.996655;0.871956;;
10/09/2018;0.996656;0.876695;;
10/09/2018;0.996655;0.875071;;
10/09/2018;0.996659;0.878393;;
10/09/2018;0.996654;0.875487;;
10/09/2018;0.996654;0.875164;;
10/09/2018;0.996653;0.876756;;
10/09/2018;0.996652;0.876416;;
10/09/2018;0.996652;0.876931;;
10/09/2018;0.996652;0.873276;;
10/09/2018;0.996651;0.872176;;
10/09/2018;0.996652;0.872813;;
10/09/2018;0.99665;0.873315;;
10/09/2018;0.99665;0.872405;;
10/09/2018;0.996651;0.876023;;
10/09/2018;0.996648;0.871999;;
10/09/2018;0.996647;0.871486;;
10/09/2018;0.996643;0.869642;;
10/09/2018;0.996643;0.865823;;
10/09/2018;0.996643;0.865838;;
10/09/2018;0.996643;0.865868;;
10/09/2018;0.996643;0.86394;;
10/09/2018;0.996642;0.862902;;
10/09/2018;0.996641;0.864097;;
10/09/2018;0.996641;0.86218;;
10/09/2018;0.996641;0.862208;;
10/09/2018;0.996642;0.862077;;
10/09/2018;0.996639;0.857294;;
10/09/2018;0.99664;0.85949;;
10/09/2018;0.996641;0.865103;;
10/09/2018;0.99664;0.863237;;
11/09/2018;0.996637;0.860381;;
11/09/2018;0.996639;0.860434;;
11/09/2018;0.996636;0.859427;;
11/09/2018;0.996609;0.851083;;
11/09/2018;0.996601;0.851553;;
11/09/2018;0.996605;0.851533;;
11/09/2018;0.9966;0.853668;;
11/09/2018;0.996601;0.854659;;
11/09/2018;0.9966;0.854749;;
11/09/2018;0.996598;0.856561;;
11/09/2018;0.996598;0.854415;;
11/09/2018;0.996598;0.855562;;
11/09/2018;0.996598;0.856524;;
11/09/2018;0.996598;0.856982;;
11/09/2018;0.996598;0.855237;;
11/09/2018;0.996598;0.856719;;
11/09/2018;0.996598;0.859551;;
11/09/2018;0.996598;0.859644;;
11/09/2018;0.996598;0.860479;;
11/09/2018;0.996598;0.862428;;
11/09/2018;0.996599;0.862999;;
11/09/2018;0.996597;0.860317;;
11/09/2018;0.996597;0.860086;;
11/09/2018;0.996597;0.860537;;
11/09/2018;0.996597;0.858216;;
11/09/2018;0.996597;0.857542;;
11/09/2018;0.996597;0.858718;;
11/09/2018;0.996596;0.856641;;
11/09/2018;0.996596;0.855727;;
11/09/2018;0.996592;0.855469;;
11/09/2018;0.996591;0.854444;;
11/09/2018;0.996592;0.855059;;
11/09/2018;0.99659;0.855289;;
11/09/2018;0.996587;0.854164;;
11/09/2018;0.996587;0.852916;;
11/09/2018;0.996587;0.853049;;
11/09/2018;0.996587;0.853129;;
11/09/2018;0.996588;0.852456;;
11/09/2018;0.996586;0.851701;;
11/09/2018;0.996584;0.85093;;
11/09/2018;0.99658;0.845346;;
11/09/2018;0.996578;0.84288;;
11/09/2018;0.996578;0.8451;;
11/09/2018;0.996572;0.84597;;
11/09/2018;0.996572;0.850085;;
11/09/2018;0.996571;0.847317;;
11/09/2018;0.996568;0.844818;;
11/09/2018;0.996552;0.836765;;
12/09/2018;0.996548;0.833863;;
12/09/2018;0.996546;0.831485;;
12/09/2018;0.996546;0.836726;;
12/09/2018;0.996546;0.834041;;
12/09/2018;0.996545;0.826923;;
12/09/2018;0.996545;0.824453;;
12/09/2018;0.996544;0.80973;;
12/09/2018;0.996544;0.818779;;
12/09/2018;0.996544;0.821062;;
12/09/2018;0.996544;0.820946;;
12/09/2018;0.996544;0.818438;;
12/09/2018;0.996544;0.818371;;
12/09/2018;0.996543;0.813453;;
12/09/2018;0.996543;0.819525;;
12/09/2018;0.996543;0.819832;;
12/09/2018;0.996543;0.824503;;
12/09/2018;0.996543;0.826019;;
12/09/2018;0.996543;0.825387;;
12/09/2018;0.996543;0.825823;;
12/09/2018;0.996543;0.818102;;
12/09/2018;0.996543;0.818885;;
12/09/2018;0.996543;0.814094;;
12/09/2018;0.996543;0.810935;;
12/09/2018;0.996543;0.809422;;
12/09/2018;0.996543;0.802499;;
12/09/2018;0.996542;0.798481;;
12/09/2018;0.996542;0.798886;;
12/09/2018;0.996543;0.799007;;
12/09/2018;0.996541;0.794062;;
12/09/2018;0.996546;0.797231;;
12/09/2018;0.99653;0.791001;;
12/09/2018;0.996515;0.789031;;
12/09/2018;0.996482;0.785118;;
12/09/2018;0.996461;0.782462;;
12/09/2018;0.996446;0.775801;;
12/09/2018;0.996452;0.777845;;
12/09/2018;0.996491;0.789457;;
12/09/2018;0.996517;0.793484;;
12/09/2018;0.99651;0.795468;;
12/09/2018;0.996504;0.792984;;
12/09/2018;0.996501;0.788003;;
12/09/2018;0.996505;0.788959;;
12/09/2018;0.996511;0.791672;;
12/09/2018;0.996365;0.789125;;
12/09/2018;0.996422;0.795204;;
12/09/2018;0.996092;0.792638;;
12/09/2018;0.996534;0.796833;;
12/09/2018;0.99646;0.803102;;
13/09/2018;0.996605;0.805868;;
13/09/2018;0.996302;0.805008;;
13/09/2018;0.996292;0.804414;;
13/09/2018;0.996271;0.804616;;
13/09/2018;0.996278;0.807027;;
13/09/2018;0.996273;0.816289;;
13/09/2018;0.996271;0.814001;;
13/09/2018;0.996268;0.823571;;
13/09/2018;0.996265;0.82087;;
13/09/2018;0.996265;0.820706;;
13/09/2018;0.996255;0.820395;;
13/09/2018;0.996258;0.820934;;
13/09/2018;0.996257;0.823255;;
13/09/2018;0.99625;0.823299;;
13/09/2018;0.996227;0.822543;;
13/09/2018;0.996226;0.822003;;
13/09/2018;0.996221;0.822514;;
13/09/2018;0.996213;0.819912;;
13/09/2018;0.996247;0.822138;;
13/09/2018;0.996229;0.823113;;
13/09/2018;0.996245;0.82174;;
13/09/2018;0.996105;0.821613;;
13/09/2018;0.996073;0.821824;;
13/09/2018;0.996079;0.822622;;
13/09/2018;0.996064;0.82273;;
13/09/2018;0.996067;0.824264;;
13/09/2018;0.996062;0.823959;;
13/09/2018;0.996046;0.823172;;
13/09/2018;0.996038;0.823975;;
13/09/2018;0.996038;0.819333;;
13/09/2018;0.996038;0.817869;;
13/09/2018;0.996038;0.818865;;
13/09/2018;0.996038;0.820339;;
13/09/2018;0.996036;0.818018;;
13/09/2018;0.996034;0.818042;;
13/09/2018;0.996034;0.822252;;
13/09/2018;0.996034;0.825555;;
13/09/2018;0.996034;0.824916;;
13/09/2018;0.996034;0.828464;;
13/09/2018;0.996034;0.828724;;
13/09/2018;0.996034;0.828933;;
13/09/2018;0.996035;0.830367;;
13/09/2018;0.996035;0.831459;;
13/09/2018;0.996036;0.832991;;
13/09/2018;0.996036;0.834408;;
13/09/2018;0.996035;0.834075;;
13/09/2018;0.996035;0.833007;;
13/09/2018;0.996033;0.833051;;
14/09/2018;0.99603;0.832134;;
14/09/2018;0.99603;0.833226;;
14/09/2018;0.996028;0.833814;;
14/09/2018;0.996029;0.835219;;
14/09/2018;0.996028;0.835061;;
14/09/2018;0.996026;0.83317;;
14/09/2018;0.996025;0.833179;;
14/09/2018;0.996022;0.831491;;
14/09/2018;0.99601;0.826071;;
14/09/2018;0.996028;0.827995;;
14/09/2018;0.996017;0.825996;;
14/09/2018;0.996047;0.828914;;
14/09/2018;0.996015;0.830203;;
14/09/2018;0.995856;0.831431;;
14/09/2018;0.995924;0.837077;;
14/09/2018;0.995875;0.833182;;
14/09/2018;0.995868;0.839017;;
14/09/2018;0.995854;0.836166;;
14/09/2018;0.995845;0.834153;;
14/09/2018;0.995843;0.830826;;
14/09/2018;0.995842;0.835442;;
14/09/2018;0.995842;0.837403;;
14/09/2018;0.995842;0.839603;;
14/09/2018;0.995842;0.841292;;
14/09/2018;0.995841;0.841344;;
14/09/2018;0.995842;0.838611;;
14/09/2018;0.99584;0.839306;;
14/09/2018;0.995839;0.838193;;
14/09/2018;0.99584;0.840085;;
14/09/2018;0.995839;0.838285;;
14/09/2018;0.995839;0.838159;;
14/09/2018;0.995839;0.837572;;
14/09/2018;0.995839;0.837062;;
14/09/2018;0.995839;0.8303;;
14/09/2018;0.995839;0.830745;;
14/09/2018;0.995838;0.827373;;
14/09/2018;0.995837;0.82586;;
14/09/2018;0.995837;0.821582;;
14/09/2018;0.995837;0.825439;;
14/09/2018;0.995837;0.821645;;
14/09/2018;0.995837;0.82598;;
14/09/2018;0.995842;0.827421;;
14/09/2018;0.995835;0.824155;;
14/09/2018;0.995837;0.825502;;
14/09/2018;0.995835;0.828962;;
14/09/2018;0.995831;0.825551;;
14/09/2018;0.995832;0.827611;;
14/09/2018;0.99583;0.825036;;
15/09/2018;0.995829;0.828792;;
15/09/2018;0.995819;0.828388;;
15/09/2018;0.995834;0.836595;;
15/09/2018;0.99583;0.84395;;
15/09/2018;0.995865;0.840894;;
15/09/2018;0.995817;0.839038;;
15/09/2018;0.995893;0.840624;;
15/09/2018;0.996189;0.841231;;
15/09/2018;0.996044;0.843583;;
15/09/2018;0.995863;0.84516;;
15/09/2018;0.995853;0.844638;;
15/09/2018;0.995806;0.843417;;
15/09/2018;0.995797;0.843624;;
15/09/2018;0.995761;0.843934;;
15/09/2018;0.995757;0.84375;;
15/09/2018;0.995752;0.843708;;
15/09/2018;0.995748;0.84259;;
15/09/2018;0.995736;0.838769;;
15/09/2018;0.995731;0.839126;;
15/09/2018;0.99573;0.838077;;
15/09/2018;0.995743;0.844845;;
15/09/2018;0.995738;0.844405;;
15/09/2018;0.995739;0.843754;;
15/09/2018;0.995737;0.843421;;
15/09/2018;0.995731;0.839932;;
15/09/2018;0.995731;0.84085;;
15/09/2018;0.995731;0.84155;;
15/09/2018;0.995732;0.841962;;
15/09/2018;0.995732;0.843698;;
15/09/2018;0.995732;0.843396;;
15/09/2018;0.995731;0.841906;;
15/09/2018;0.995729;0.840289;;
15/09/2018;0.995731;0.840819;;
15/09/2018;0.995732;0.841339;;
15/09/2018;0.995733;0.844663;;
15/09/2018;0.995766;0.846599;;
15/09/2018;0.995746;0.848473;;
15/09/2018;0.99577;0.848473;;
15/09/2018;0.995761;0.848385;;
15/09/2018;0.995691;0.847601;;
15/09/2018;0.995667;0.845458;;
15/09/2018;0.995663;0.844799;;
15/09/2018;0.995653;0.847582;;
15/09/2018;0.995652;0.847999;;
15/09/2018;0.995651;0.848183;;
15/09/2018;0.995648;0.848628;;
15/09/2018;0.99564;0.848266;;
15/09/2018;0.995634;0.847705;;
16/09/2018;0.995634;0.849901;;
16/09/2018;0.995634;0.850186;;
16/09/2018;0.995634;0.848814;;
16/09/2018;0.995633;0.849632;;
16/09/2018;0.995633;0.850177;;
16/09/2018;0.995634;0.851122;;
16/09/2018;0.995634;0.851594;;
16/09/2018;0.995632;0.849669;;
16/09/2018;0.995632;0.84884;;
16/09/2018;0.995632;0.848164;;
16/09/2018;0.995632;0.846401;;
16/09/2018;0.995631;0.848271;;
16/09/2018;0.995631;0.841114;;
16/09/2018;0.995631;0.842758;;
16/09/2018;0.995631;0.843684;;
16/09/2018;0.995631;0.843719;;
16/09/2018;0.995631;0.845127;;
16/09/2018;0.995631;0.843598;;
16/09/2018;0.995631;0.838528;;
16/09/2018;0.995631;0.840943;;
16/09/2018;0.99563;0.840093;;
16/09/2018;0.99563;0.837269;;
16/09/2018;0.99563;0.833548;;
16/09/2018;0.99563;0.832768;;
16/09/2018;0.99563;0.833003;;
16/09/2018;0.99563;0.830801;;
16/09/2018;0.995628;0.82546;;
16/09/2018;0.995629;0.829866;;
16/09/2018;0.995628;0.826973;;
16/09/2018;0.995628;0.828114;;
16/09/2018;0.995628;0.826645;;
16/09/2018;0.995627;0.826267;;
16/09/2018;0.995627;0.825982;;
16/09/2018;0.995626;0.827111;;
16/09/2018;0.995626;0.830211;;
16/09/2018;0.995627;0.831591;;
16/09/2018;0.995627;0.83124;;
16/09/2018;0.995627;0.831501;;
16/09/2018;0.995637;0.834569;;
16/09/2018;0.995629;0.836745;;
16/09/2018;0.995625;0.836348;;
16/09/2018;0.995625;0.834643;;
16/09/2018;0.995623;0.833564;;
16/09/2018;0.995627;0.835472;;
16/09/2018;0.995624;0.833475;;
16/09/2018;0.995611;0.832663;;
16/09/2018;0.995608;0.830194;;
16/09/2018;0.995605;0.831014;;
17/09/2018;0.995605;0.829419;;
17/09/2018;0.995605;0.830162;;
17/09/2018;0.995606;0.834892;;
17/09/2018;0.995605;0.832718;;
17/09/2018;0.995605;0.832375;;
17/09/2018;0.995606;0.834241;;
17/09/2018;0.995603;0.83435;;
17/09/2018;0.995603;0.834493;;
17/09/2018;0.995603;0.836197;;
17/09/2018;0.995604;0.839049;;
17/09/2018;0.995604;0.839981;;
17/09/2018;0.995604;0.838769;;
17/09/2018;0.995604;0.840542;;
17/09/2018;0.995604;0.839776;;
17/09/2018;0.995603;0.838504;;
17/09/2018;0.995603;0.840274;;
17/09/2018;0.995603;0.840109;;
17/09/2018;0.995603;0.839224;;
17/09/2018;0.995603;0.844272;;
17/09/2018;0.995603;0.844692;;
17/09/2018;0.995602;0.843043;;
17/09/2018;0.995603;0.844508;;
17/09/2018;0.995602;0.843028;;
17/09/2018;0.995604;0.842845;;
17/09/2018;0.995598;0.842586;;
17/09/2018;0.995597;0.84202;;
17/09/2018;0.995592;0.839212;;
17/09/2018;0.995581;0.839802;;
17/09/2018;0.99558;0.838429;;
17/09/2018;0.995583;0.840551;;
17/09/2018;0.995581;0.839439;;
17/09/2018;0.995581;0.839316;;
17/09/2018;0.995579;0.835691;;
17/09/2018;0.995578;0.835588;;
17/09/2018;0.995577;0.83302;;
17/09/2018;0.995576;0.830481;;
17/09/2018;0.995576;0.833049;;
17/09/2018;0.995576;0.836194;;
17/09/2018;0.995577;0.836488;;
17/09/2018;0.995575;0.837038;;
17/09/2018;0.995575;0.838121;;
17/09/2018;0.995575;0.835478;;
17/09/2018;0.995575;0.83456;;
17/09/2018;0.995575;0.83499;;
17/09/2018;0.995575;0.833423;;
17/09/2018;0.995575;0.831862;;
17/09/2018;0.995575;0.826636;;
17/09/2018;0.995575;0.826549;;
18/09/2018;0.995575;0.824948;;
18/09/2018;0.995575;0.823817;;
18/09/2018;0.995575;0.82261;;
18/09/2018;0.995575;0.821498;;
18/09/2018;0.995574;0.821022;;
18/09/2018;0.995575;0.822638;;
18/09/2018;0.995575;0.822005;;
18/09/2018;0.995574;0.82003;;
18/09/2018;0.995572;0.818625;;
18/09/2018;0.995572;0.799562;;
18/09/2018;0.995572;0.787508;;
18/09/2018;0.995572;0.79695;;
18/09/2018;0.995572;0.79716;;
18/09/2018;0.995572;0.799615;;
18/09/2018;0.99557;0.796099;;
18/09/2018;0.99557;0.796784;;
18/09/2018;0.99557;0.800425;;
18/09/2018;0.995562;0.795021;;
18/09/2018;0.995558;0.791086;;
18/09/2018;0.995568;0.800668;;
18/09/2018;0.995566;0.805192;;
18/09/2018;0.995565;0.80495;;
18/09/2018;0.995565;0.802431;;
18/09/2018;0.995565;0.801887;;
18/09/2018;0.995564;0.799366;;
18/09/2018;0.995563;0.796617;;
18/09/2018;0.995565;0.797661;;
18/09/2018;0.995567;0.801875;;
18/09/2018;0.995565;0.803954;;
18/09/2018;0.995571;0.806612;;
18/09/2018;0.995563;0.808313;;
18/09/2018;0.995563;0.806366;;
18/09/2018;0.995562;0.805915;;
18/09/2018;0.995562;0.807407;;
18/09/2018;0.995562;0.806265;;
18/09/2018;0.995561;0.805453;;
18/09/2018;0.995561;0.803865;;
18/09/2018;0.995561;0.803455;;
18/09/2018;0.99556;0.800387;;
18/09/2018;0.99556;0.800103;;
18/09/2018;0.99556;0.799693;;
18/09/2018;0.99556;0.811152;;
18/09/2018;0.995561;0.824837;;
18/09/2018;0.995561;0.821747;;
18/09/2018;0.995553;0.820471;;
18/09/2018;0.995545;0.820023;;
18/09/2018;0.995519;0.820053;;
18/09/2018;0.995486;0.818552;;
19/09/2018;0.995591;0.82172;;
19/09/2018;0.995526;0.82008;;
19/09/2018;0.995813;0.823304;;
19/09/2018;0.995668;0.821552;;
19/09/2018;0.995707;0.82282;;
19/09/2018;0.995569;0.821271;;
19/09/2018;0.995799;0.822476;;
19/09/2018;0.995519;0.82366;;
19/09/2018;0.995508;0.823548;;
19/09/2018;0.995483;0.821903;;
19/09/2018;0.995498;0.821622;;
19/09/2018;0.995456;0.823719;;
19/09/2018;0.995503;0.822034;;
19/09/2018;0.995421;0.822708;;
19/09/2018;0.99542;0.825231;;
19/09/2018;0.995418;0.824228;;
19/09/2018;0.995419;0.823613;;
19/09/2018;0.995422;0.825269;;
19/09/2018;0.995414;0.825878;;
19/09/2018;0.995414;0.823848;;
19/09/2018;0.995418;0.826278;;
19/09/2018;0.995417;0.82748;;
19/09/2018;0.995417;0.829004;;
19/09/2018;0.995417;0.829955;;
19/09/2018;0.995415;0.830768;;
19/09/2018;0.995415;0.830436;;
19/09/2018;0.995414;0.829341;;
19/09/2018;0.995408;0.827793;;
19/09/2018;0.995409;0.827707;;
19/09/2018;0.995406;0.826508;;
19/09/2018;0.995406;0.827107;;
19/09/2018;0.995405;0.82637;;
19/09/2018;0.995405;0.825464;;
19/09/2018;0.995406;0.826476;;
19/09/2018;0.995405;0.825211;;
19/09/2018;0.995405;0.824146;;
19/09/2018;0.995404;0.819723;;
19/09/2018;0.995404;0.81862;;
19/09/2018;0.995403;0.821098;;
19/09/2018;0.995403;0.819446;;
19/09/2018;0.995403;0.817766;;
19/09/2018;0.995402;0.811546;;
19/09/2018;0.995402;0.809967;;
19/09/2018;0.995403;0.812659;;
19/09/2018;0.995402;0.812223;;
19/09/2018;0.995405;0.814516;;
19/09/2018;0.995406;0.817319;;
19/09/2018;0.995446;0.820392;;
20/09/2018;0.995393;0.821113;;
20/09/2018;0.99539;0.820253;;
20/09/2018;0.995368;0.816565;;
20/09/2018;0.995423;0.818647;;
20/09/2018;0.995342;0.817454;;
20/09/2018;0.995336;0.816369;;
20/09/2018;0.995334;0.814915;;
20/09/2018;0.995328;0.817569;;
20/09/2018;0.995327;0.817321;;
20/09/2018;0.995339;0.819871;;
20/09/2018;0.995334;0.822793;;
20/09/2018;0.995333;0.822924;;
20/09/2018;0.995333;0.82132;;
20/09/2018;0.995333;0.821817;;
20/09/2018;0.995333;0.822349;;
20/09/2018;0.995332;0.820751;;
20/09/2018;0.995332;0.82044;;
20/09/2018;0.995332;0.821461;;
20/09/2018;0.995332;0.821797;;
20/09/2018;0.995332;0.823819;;
20/09/2018;0.995332;0.8219;;
20/09/2018;0.995332;0.823073;;
20/09/2018;0.995332;0.820649;;
20/09/2018;0.995332;0.820525;;
20/09/2018;0.995332;0.819479;;
20/09/2018;0.995333;0.820491;;
20/09/2018;0.995333;0.820275;;
20/09/2018;0.995331;0.819262;;
20/09/2018;0.995324;0.819585;;
20/09/2018;0.995324;0.820145;;
20/09/2018;0.995324;0.820178;;
20/09/2018;0.995324;0.81992;;
20/09/2018;0.995324;0.819003;;
20/09/2018;0.995324;0.81934;;
20/09/2018;0.995324;0.817078;;
20/09/2018;0.995325;0.818647;;
20/09/2018;0.995324;0.817462;;
20/09/2018;0.995324;0.816925;;
20/09/2018;0.995319;0.817381;;
20/09/2018;0.995319;0.822232;;
20/09/2018;0.99532;0.823719;;
20/09/2018;0.99532;0.825321;;
20/09/2018;0.995316;0.826667;;
20/09/2018;0.995316;0.824656;;
20/09/2018;0.995327;0.825808;;
20/09/2018;0.995315;0.823658;;
20/09/2018;0.99522;0.820793;;
20/09/2018;0.995107;0.818783;;
21/09/2018;0.995325;0.824971;;
21/09/2018;0.995209;0.820229;;
21/09/2018;0.995179;0.818362;;
21/09/2018;0.99523;0.820196;;
21/09/2018;0.99521;0.821006;;
21/09/2018;0.995159;0.819565;;
21/09/2018;0.995167;0.819273;;
21/09/2018;0.995102;0.814877;;
21/09/2018;0.995657;0.819109;;
21/09/2018;0.995346;0.815903;;
21/09/2018;0.996017;0.817506;;
21/09/2018;0.992297;0.810608;;
21/09/2018;0.998392;0.823455;;
21/09/2018;1.005431;0.820096;;
21/09/2018;1.003728;0.822031;;
21/09/2018;1.002806;0.82517;;
21/09/2018;1.002891;0.828851;;
21/09/2018;1.002806;0.825861;;
21/09/2018;1.002792;0.826453;;
21/09/2018;1.00279;0.819262;;
21/09/2018;1.002786;0.817127;;
21/09/2018;1.002788;0.820215;;
21/09/2018;1.002803;0.82379;;
21/09/2018;1.002786;0.82027;;
21/09/2018;1.002785;0.824738;;
21/09/2018;1.002784;0.824768;;
21/09/2018;1.002783;0.823552;;
21/09/2018;1.002778;0.824223;;
21/09/2018;1.002773;0.824123;;
21/09/2018;1.002779;0.824469;;
21/09/2018;1.002785;0.823929;;
21/09/2018;1.002782;0.823616;;
21/09/2018;1.002791;0.825991;;
21/09/2018;1.002744;0.822571;;
21/09/2018;1.002707;0.820218;;
21/09/2018;1.002704;0.819904;;
21/09/2018;1.002703;0.820244;;
21/09/2018;1.002762;0.821039;;
21/09/2018;1.00277;0.821562;;
21/09/2018;1.002747;0.823286;;
21/09/2018;1.002751;0.830515;;
21/09/2018;1.002754;0.831286;;
21/09/2018;1.002751;0.831956;;
21/09/2018;1.002728;0.829931;;
21/09/2018;1.002926;0.831618;;
21/09/2018;1.002598;0.832297;;
21/09/2018;1.002481;0.828237;;
21/09/2018;0.999653;0.817823;;
22/09/2018;0.999475;0.816503;;
22/09/2018;0.999303;0.816347;;
22/09/2018;1.002199;0.833018;;
22/09/2018;0.999582;0.846662;;
22/09/2018;0.9994;0.841296;;
22/09/2018;0.999547;0.848185;;
22/09/2018;0.999678;0.848636;;
22/09/2018;0.99966;0.859605;;
22/09/2018;0.999673;0.863872;;
22/09/2018;0.999666;0.86645;;
22/09/2018;0.999115;0.861323;;
22/09/2018;0.996831;0.813795;;
22/09/2018;0.996693;0.868694;;
22/09/2018;0.996531;0.841347;;
22/09/2018;0.996525;0.8562;;
22/09/2018;0.996557;0.877904;;
22/09/2018;0.996541;0.853238;;
22/09/2018;0.996579;0.862234;;
22/09/2018;0.99647;0.825638;;
22/09/2018;0.996459;0.827636;;
22/09/2018;0.996414;0.784772;;
22/09/2018;0.996411;0.784246;;
22/09/2018;0.996453;0.792005;;
22/09/2018;0.996483;0.800591;;
22/09/2018;0.996457;0.779804;;
22/09/2018;0.996453;0.799458;;
22/09/2018;0.996454;0.920785;;
22/09/2018;0.996451;0.919291;;
22/09/2018;0.996449;0.912795;;
22/09/2018;0.996448;0.913694;;
22/09/2018;0.99645;0.916322;;
22/09/2018;0.996451;0.91601;;
22/09/2018;0.996449;0.915076;;
22/09/2018;0.996437;0.918742;;
22/09/2018;0.996434;0.910196;;
22/09/2018;0.996426;0.902456;;
22/09/2018;0.996438;0.907444;;
22/09/2018;0.996421;0.907824;;
22/09/2018;0.996421;0.912909;;
22/09/2018;0.996421;0.910552;;
22/09/2018;0.996433;0.912076;;
22/09/2018;0.996403;0.90674;;
22/09/2018;0.996409;0.910639;;
22/09/2018;0.996417;0.912079;;
22/09/2018;0.9964;0.913461;;
22/09/2018;0.996438;0.914295;;
22/09/2018;0.996344;0.908192;;
22/09/2018;0.996334;0.90893;;
23/09/2018;0.995224;0.905644;;
23/09/2018;0.995205;0.915853;;
23/09/2018;0.99508;0.908521;;
23/09/2018;0.995126;0.911789;;
23/09/2018;0.995076;0.908799;;
23/09/2018;0.995111;0.910035;;
23/09/2018;0.994997;0.902502;;
23/09/2018;0.994988;0.901204;;
23/09/2018;0.994968;0.899414;;
23/09/2018;0.994973;0.904872;;
23/09/2018;0.994972;0.919914;;
23/09/2018;0.994969;0.917455;;
23/09/2018;0.994972;0.915965;;
23/09/2018;0.994961;0.913379;;
23/09/2018;0.994962;0.913464;;
23/09/2018;0.994976;0.914617;;
23/09/2018;0.994951;0.917368;;
23/09/2018;0.994951;0.922461;;
23/09/2018;0.994949;0.918348;;
23/09/2018;0.994952;0.922303;;
23/09/2018;0.994948;0.924128;;
23/09/2018;0.994948;0.930918;;
23/09/2018;0.994948;0.928615;;
23/09/2018;0.994948;0.930499;;
23/09/2018;0.994948;0.933084;;
23/09/2018;0.994948;0.934738;;
23/09/2018;0.994949;0.935526;;
23/09/2018;0.994948;0.93579;;
23/09/2018;0.994948;0.938664;;
23/09/2018;0.994949;0.941073;;
23/09/2018;0.994948;0.939902;;
23/09/2018;0.994947;0.938618;;
23/09/2018;0.99495;0.940431;;
23/09/2018;0.994947;0.938953;;
23/09/2018;0.994962;0.943806;;
23/09/2018;0.994955;0.944351;;
23/09/2018;0.994944;0.948757;;
23/09/2018;0.994944;0.949275;;
23/09/2018;0.994943;0.947784;;
23/09/2018;0.994943;0.947425;;
23/09/2018;0.994943;0.949227;;
23/09/2018;0.994943;0.948043;;
23/09/2018;0.994942;0.939961;;
23/09/2018;0.994942;0.939591;;
23/09/2018;0.994941;0.934461;;
23/09/2018;0.994941;0.933682;;
23/09/2018;0.994941;0.935816;;
23/09/2018;0.994941;0.936036;;
24/09/2018;0.994941;0.934307;;
24/09/2018;0.994941;0.93313;;
24/09/2018;0.994941;0.932357;;
24/09/2018;0.994941;0.935014;;
24/09/2018;0.994941;0.931837;;
24/09/2018;0.994941;0.931689;;
24/09/2018;0.994941;0.93212;;
24/09/2018;0.994941;0.938406;;
24/09/2018;0.994941;0.932517;;
24/09/2018;0.994941;0.930046;;
24/09/2018;0.994941;0.931888;;
24/09/2018;0.994941;0.930448;;
24/09/2018;0.994939;0.921352;;
24/09/2018;0.994939;0.924667;;
24/09/2018;0.99494;0.936245;;
24/09/2018;0.99494;0.943805;;
24/09/2018;0.99494;0.941454;;
24/09/2018;0.994939;0.941816;;
24/09/2018;0.994939;0.941648;;
24/09/2018;0.994939;0.937928;;
24/09/2018;0.99494;0.939536;;
24/09/2018;0.99494;0.939643;;
24/09/2018;0.99494;0.940167;;
24/09/2018;0.994939;0.940252;;
24/09/2018;0.994939;0.941411;;
24/09/2018;0.994939;0.943502;;
24/09/2018;0.994938;0.941061;;
24/09/2018;0.99494;0.939013;;
24/09/2018;0.994936;0.930233;;
24/09/2018;0.994936;0.928836;;
24/09/2018;0.994917;0.92323;;
24/09/2018;0.99489;0.908254;;
24/09/2018;0.994891;0.918401;;
24/09/2018;0.994891;0.914355;;
24/09/2018;0.994889;0.908903;;
24/09/2018;0.994881;0.900767;;
24/09/2018;0.994859;0.896316;;
24/09/2018;0.994821;0.881954;;
24/09/2018;0.99483;0.89595;;
24/09/2018;0.994828;0.900765;;
24/09/2018;0.994828;0.897748;;
24/09/2018;0.994823;0.889129;;
24/09/2018;0.994895;0.896959;;
24/09/2018;0.994873;0.909875;;
24/09/2018;0.994863;0.906605;;
24/09/2018;0.994859;0.906459;;
24/09/2018;0.994858;0.901132;;
24/09/2018;0.994852;0.904361;;
25/09/2018;0.99485;0.896359;;
25/09/2018;0.994841;0.88901;;
25/09/2018;0.994898;0.893417;;
25/09/2018;0.994747;0.892347;;
25/09/2018;0.999087;0.903961;;
25/09/2018;0.994786;0.898871;;
25/09/2018;0.994336;0.897899;;
25/09/2018;0.993194;0.894353;;
25/09/2018;0.988018;0.892971;;
25/09/2018;0.986096;0.889681;;
25/09/2018;0.988435;0.893758;;
25/09/2018;0.985942;0.897156;;
25/09/2018;0.984275;0.892087;;
25/09/2018;0.984378;0.892316;;
25/09/2018;0.984163;0.889237;;
25/09/2018;0.981696;0.865761;;
25/09/2018;0.981712;0.866882;;
25/09/2018;0.981708;0.867804;;
25/09/2018;0.981405;0.840292;;
25/09/2018;0.981217;0.834591;;
25/09/2018;0.981022;0.828547;;
25/09/2018;0.981088;0.830914;;
25/09/2018;0.981006;0.843033;;
25/09/2018;0.980996;0.845355;;
25/09/2018;0.981009;0.855608;;
25/09/2018;0.980999;0.848563;;
25/09/2018;0.981;0.850859;;
25/09/2018;0.980981;0.83537;;
25/09/2018;0.980988;0.841803;;
25/09/2018;0.980978;0.839931;;
25/09/2018;0.980942;0.828378;;
25/09/2018;0.980925;0.820051;;
25/09/2018;0.980929;0.825182;;
25/09/2018;0.980918;0.807496;;
25/09/2018;0.980923;0.817522;;
25/09/2018;0.980923;0.824552;;
25/09/2018;0.980922;0.820692;;
25/09/2018;0.98092;0.823637;;
25/09/2018;0.980918;0.818657;;
25/09/2018;0.980915;0.822214;;
25/09/2018;0.980917;0.817823;;
25/09/2018;0.980914;0.811189;;
25/09/2018;0.980918;0.816573;;
25/09/2018;0.980916;0.830333;;
25/09/2018;0.980915;0.827149;;
25/09/2018;0.980915;0.824801;;
25/09/2018;0.980914;0.822562;;
25/09/2018;0.980915;0.825636;;
26/09/2018;0.980913;0.823886;;
26/09/2018;0.980913;0.824377;;
26/09/2018;0.980913;0.827382;;
26/09/2018;0.980913;0.826524;;
26/09/2018;0.980913;0.824574;;
26/09/2018;0.980912;0.820682;;
26/09/2018;0.980911;0.82029;;
26/09/2018;0.980911;0.81889;;
26/09/2018;0.980911;0.822915;;
26/09/2018;0.980911;0.82803;;
26/09/2018;0.980911;0.830805;;
26/09/2018;0.980911;0.835456;;
26/09/2018;0.980911;0.838386;;
26/09/2018;0.980911;0.846209;;
26/09/2018;0.980911;0.842497;;
26/09/2018;0.980913;0.843963;;
26/09/2018;0.980911;0.841002;;
26/09/2018;0.980911;0.846059;;
26/09/2018;0.980913;0.848991;;
26/09/2018;0.980911;0.847046;;
26/09/2018;0.980906;0.847124;;
26/09/2018;0.980901;0.843811;;
26/09/2018;0.9809;0.842077;;
26/09/2018;0.980895;0.838805;;
26/09/2018;0.980892;0.839562;;
26/09/2018;0.980892;0.838279;;
26/09/2018;0.980892;0.84244;;
26/09/2018;0.980892;0.843614;;
26/09/2018;0.980892;0.848962;;
26/09/2018;0.980893;0.847696;;
26/09/2018;0.980892;0.845897;;
26/09/2018;0.980892;0.846524;;
26/09/2018;0.980892;0.846827;;
26/09/2018;0.980892;0.84711;;
26/09/2018;0.980892;0.846296;;
26/09/2018;0.980892;0.844526;;
26/09/2018;0.98089;0.841925;;
26/09/2018;0.980889;0.842866;;
26/09/2018;0.980889;0.844296;;
26/09/2018;0.980888;0.844826;;
26/09/2018;0.980889;0.845172;;
26/09/2018;0.980886;0.843491;;
26/09/2018;0.980885;0.842256;;
26/09/2018;0.980907;0.84345;;
26/09/2018;0.980867;0.844137;;
26/09/2018;0.980867;0.840864;;
26/09/2018;0.980872;0.841386;;
26/09/2018;0.98087;0.851906;;
27/09/2018;0.981291;0.852577;;
27/09/2018;0.971175;0.852046;;
27/09/2018;0.985301;0.853246;;
27/09/2018;0.974734;0.852306;;
27/09/2018;0.968229;0.849782;;
27/09/2018;1.007601;0.855112;;
27/09/2018;1.010744;0.856996;;
27/09/2018;1.005018;0.855275;;
27/09/2018;0.992953;0.853886;;
27/09/2018;0.99985;0.855925;;
27/09/2018;0.998048;0.854794;;
27/09/2018;0.99867;0.854724;;
27/09/2018;0.984571;0.850375;;
27/09/2018;0.964806;0.837881;;
27/09/2018;0.959038;0.833328;;
27/09/2018;0.961569;0.852198;;
27/09/2018;0.95778;0.850016;;
27/09/2018;0.96046;0.847844;;
27/09/2018;0.957539;0.858154;;
27/09/2018;0.958039;0.858254;;
27/09/2018;0.960137;0.862165;;
27/09/2018;0.958252;0.857753;;
27/09/2018;0.957003;0.858716;;
27/09/2018;0.956048;0.861402;;
27/09/2018;0.955969;0.862815;;
27/09/2018;0.955877;0.862233;;
27/09/2018;0.955857;0.861539;;
27/09/2018;0.955813;0.861233;;
27/09/2018;0.955805;0.862115;;
27/09/2018;0.955806;0.862641;;
27/09/2018;0.955801;0.860524;;
27/09/2018;0.955795;0.860905;;
27/09/2018;0.955789;0.86251;;
27/09/2018;0.955788;0.857421;;
27/09/2018;0.955788;0.851097;;
27/09/2018;0.955789;0.853125;;
27/09/2018;0.955788;0.853988;;
27/09/2018;0.955788;0.852615;;
27/09/2018;0.955788;0.859726;;
27/09/2018;0.955788;0.85979;;
27/09/2018;0.955788;0.860549;;
27/09/2018;0.955788;0.863541;;
27/09/2018;0.955791;0.870801;;
27/09/2018;0.955845;0.874203;;
27/09/2018;0.954974;0.870956;;
27/09/2018;0.957029;0.870634;;
27/09/2018;0.95825;0.872197;;
27/09/2018;0.955479;0.871583;;
28/09/2018;0.957566;0.872386;;
28/09/2018;0.95199;0.871305;;
28/09/2018;0.951757;0.872459;;
28/09/2018;0.951663;0.873459;;
28/09/2018;0.951709;0.874221;;
28/09/2018;0.951635;0.873483;;
28/09/2018;0.951407;0.879009;;
28/09/2018;0.951397;0.877175;;
28/09/2018;0.951393;0.877296;;
28/09/2018;0.951393;0.874339;;
28/09/2018;0.95139;0.869469;;
28/09/2018;0.951386;0.868566;;
28/09/2018;0.951386;0.86782;;
28/09/2018;0.951386;0.866513;;
28/09/2018;0.951385;0.869235;;
28/09/2018;0.951385;0.869426;;
28/09/2018;0.951385;0.869427;;
28/09/2018;0.951385;0.869702;;
28/09/2018;0.951385;0.869612;;
28/09/2018;0.951385;0.868157;;
28/09/2018;0.951385;0.867032;;
28/09/2018;0.951385;0.866427;;
28/09/2018;0.951385;0.866903;;
28/09/2018;0.951385;0.866561;;
28/09/2018;0.951385;0.863677;;
28/09/2018;0.951385;0.863168;;
28/09/2018;0.951385;0.861596;;
28/09/2018;0.951385;0.862266;;
28/09/2018;0.951385;0.862022;;
28/09/2018;0.951385;0.865385;;
28/09/2018;0.951385;0.863496;;
28/09/2018;0.951385;0.862101;;
28/09/2018;0.951385;0.858433;;
28/09/2018;0.951385;0.855981;;
28/09/2018;0.951385;0.84616;;
28/09/2018;0.951385;0.848249;;
28/09/2018;0.951385;0.846051;;
28/09/2018;0.951385;0.850188;;
28/09/2018;0.951385;0.850493;;
28/09/2018;0.951385;0.85058;;
28/09/2018;0.951385;0.850592;;
28/09/2018;0.951385;0.84502;;
28/09/2018;0.951385;0.84621;;
28/09/2018;0.951385;0.846752;;
28/09/2018;0.951385;0.852679;;
28/09/2018;0.951385;0.853144;;
28/09/2018;0.951385;0.851712;;
28/09/2018;0.951385;0.851667;;
29/09/2018;0.951385;0.851383;;
29/09/2018;0.951385;0.85286;;
29/09/2018;0.951385;0.85082;;
29/09/2018;0.951384;0.853235;;
29/09/2018;0.951385;0.854638;;
29/09/2018;0.951384;0.853365;;
29/09/2018;0.951384;0.852039;;
29/09/2018;0.951382;0.850121;;
29/09/2018;0.951382;0.849511;;
29/09/2018;0.951381;0.851942;;
29/09/2018;0.951381;0.848957;;
29/09/2018;0.95138;0.84851;;
29/09/2018;0.95138;0.846361;;
29/09/2018;0.95138;0.847457;;
29/09/2018;0.95138;0.848989;;
29/09/2018;0.95138;0.849112;;
29/09/2018;0.951379;0.849337;;
29/09/2018;0.951379;0.849756;;
29/09/2018;0.95138;0.848219;;
29/09/2018;0.951379;0.846865;;
29/09/2018;0.951377;0.843476;;
29/09/2018;0.951377;0.848188;;
29/09/2018;0.951377;0.851035;;
29/09/2018;0.951377;0.851155;;
29/09/2018;0.951377;0.849868;;
29/09/2018;0.951377;0.852095;;
29/09/2018;0.951377;0.849786;;
29/09/2018;0.951377;0.849962;;
29/09/2018;0.951377;0.848765;;
29/09/2018;0.951377;0.848977;;
29/09/2018;0.951377;0.8474;;
29/09/2018;0.951377;0.848151;;
29/09/2018;0.951377;0.84852;;
29/09/2018;0.951377;0.850566;;
29/09/2018;0.951377;0.855797;;
29/09/2018;0.951377;0.854753;;
29/09/2018;0.951377;0.859308;;
29/09/2018;0.951377;0.858493;;
29/09/2018;0.951377;0.859056;;
29/09/2018;0.951377;0.862448;;
29/09/2018;0.951377;0.862923;;
29/09/2018;0.951377;0.863376;;
29/09/2018;0.95138;0.863842;;
29/09/2018;0.951375;0.860781;;
29/09/2018;0.951374;0.861546;;
29/09/2018;0.951373;0.861687;;
29/09/2018;0.951373;0.861723;;
29/09/2018;0.951373;0.860827;;
30/09/2018;0.951377;0.861129;;
30/09/2018;0.951368;0.859539;;
30/09/2018;0.951368;0.859703;;
30/09/2018;0.951368;0.859751;;
30/09/2018;0.951368;0.859139;;
30/09/2018;0.951368;0.858552;;
30/09/2018;0.951368;0.857158;;
30/09/2018;0.951368;0.857186;;
30/09/2018;0.951368;0.856956;;
30/09/2018;0.951368;0.859332;;
30/09/2018;0.951368;0.858833;;
30/09/2018;0.951368;0.857149;;
30/09/2018;0.951368;0.856841;;
30/09/2018;0.951368;0.856776;;
30/09/2018;0.951368;0.856022;;
30/09/2018;0.951368;0.854977;;
30/09/2018;0.951368;0.854056;;
30/09/2018;0.951368;0.854742;;
30/09/2018;0.951367;0.851168;;
30/09/2018;0.951367;0.854778;;
30/09/2018;0.951367;0.853825;;
30/09/2018;0.951367;0.854331;;
30/09/2018;0.951367;0.854993;;
30/09/2018;0.951366;0.852911;;
30/09/2018;0.951366;0.854139;;
30/09/2018;0.951367;0.854348;;
30/09/2018;0.951366;0.851221;;
30/09/2018;0.951368;0.851054;;
30/09/2018;0.951364;0.850933;;
30/09/2018;0.951362;0.852753;;
30/09/2018;0.951362;0.852192;;
30/09/2018;0.951367;0.854212;;
30/09/2018;0.951357;0.85377;;
30/09/2018;0.951357;0.853472;;
30/09/2018;0.951354;0.852521;;
30/09/2018;0.951354;0.85201;;
30/09/2018;0.951353;0.85294;;
30/09/2018;0.951353;0.853183;;
30/09/2018;0.951353;0.854641;;
30/09/2018;0.951357;0.858859;;
30/09/2018;0.951353;0.855603;;
30/09/2018;0.951354;0.855246;;
30/09/2018;0.951354;0.854937;;
30/09/2018;0.951353;0.853391;;
30/09/2018;0.951353;0.853971;;
30/09/2018;0.951352;0.853972;;
30/09/2018;0.951352;0.853451;;
30/09/2018;0.951352;0.854484;;
01/10/2018;0.951352;0.854178;;
01/10/2018;0.951351;0.851381;;
01/10/2018;0.951351;0.849679;;
01/10/2018;0.951351;0.849226;;
01/10/2018;0.951351;0.849731;;
01/10/2018;0.951351;0.848946;;
01/10/2018;0.951351;0.846113;;
01/10/2018;0.951351;0.842026;;
01/10/2018;0.951351;0.845044;;
01/10/2018;0.951351;0.845642;;
01/10/2018;0.951351;0.8345;;
01/10/2018;0.951351;0.835362;;
01/10/2018;0.951351;0.833539;;
01/10/2018;0.951351;0.840344;;
01/10/2018;0.951351;0.848004;;
01/10/2018;0.951351;0.850186;;
01/10/2018;0.951351;0.849002;;
01/10/2018;0.951351;0.847384;;
01/10/2018;0.951351;0.852369;;
01/10/2018;0.951351;0.850815;;
01/10/2018;0.951351;0.851571;;
01/10/2018;0.951351;0.852707;;
01/10/2018;0.951351;0.851731;;
01/10/2018;0.951351;0.851401;;
01/10/2018;0.951351;0.853436;;
01/10/2018;0.951351;0.85295;;
01/10/2018;0.95135;0.851473;;
01/10/2018;0.95135;0.850639;;
01/10/2018;0.951348;0.84899;;
01/10/2018;0.951347;0.849585;;
01/10/2018;0.951347;0.847684;;
01/10/2018;0.951348;0.851052;;
01/10/2018;0.951348;0.849327;;
01/10/2018;0.951347;0.848439;;
01/10/2018;0.951344;0.848527;;
01/10/2018;0.951345;0.850261;;
01/10/2018;0.951343;0.84966;;
01/10/2018;0.951343;0.850563;;
01/10/2018;0.951343;0.850307;;
01/10/2018;0.951343;0.84995;;
01/10/2018;0.951343;0.84962;;
01/10/2018;0.951343;0.847062;;
01/10/2018;0.951342;0.845917;;
01/10/2018;0.951344;0.847074;;
01/10/2018;0.951336;0.84234;;
01/10/2018;0.951333;0.824347;;
01/10/2018;0.951333;0.833502;;
01/10/2018;0.951333;0.82975;;
02/10/2018;0.951334;0.839364;;
02/10/2018;0.951333;0.836074;;
02/10/2018;0.951333;0.830541;;
02/10/2018;0.951333;0.834891;;
02/10/2018;0.951333;0.83297;;
02/10/2018;0.951333;0.840357;;
02/10/2018;0.951333;0.835497;;
02/10/2018;0.951333;0.831707;;
02/10/2018;0.951333;0.830398;;
02/10/2018;0.951333;0.831151;;
02/10/2018;0.951333;0.853379;;
02/10/2018;0.951333;0.85153;;
02/10/2018;0.951333;0.851124;;
02/10/2018;0.951333;0.852831;;
02/10/2018;0.951333;0.852999;;
02/10/2018;0.951333;0.850986;;
02/10/2018;0.951333;0.8491;;
02/10/2018;0.951333;0.847564;;
02/10/2018;0.951333;0.849035;;
02/10/2018;0.951333;0.848445;;
02/10/2018;0.951333;0.848392;;
02/10/2018;0.951333;0.848591;;
02/10/2018;0.951333;0.849996;;
02/10/2018;0.951333;0.852268;;
02/10/2018;0.951333;0.850862;;
02/10/2018;0.951333;0.850866;;
02/10/2018;0.951333;0.85069;;
02/10/2018;0.951333;0.851371;;
02/10/2018;0.951333;0.85092;;
02/10/2018;0.951333;0.850022;;
02/10/2018;0.951333;0.849315;;
02/10/2018;0.951333;0.849211;;
02/10/2018;0.951333;0.847458;;
02/10/2018;0.951333;0.847064;;
02/10/2018;0.951333;0.847795;;
02/10/2018;0.951333;0.847135;;
02/10/2018;0.951333;0.847451;;
02/10/2018;0.951333;0.843733;;
02/10/2018;0.951333;0.843214;;
02/10/2018;0.951331;0.842828;;
02/10/2018;0.951331;0.842889;;
02/10/2018;0.951331;0.841321;;
02/10/2018;0.951331;0.8435;;
02/10/2018;0.951331;0.843175;;
02/10/2018;0.951331;0.842637;;
02/10/2018;0.951331;0.844561;;
02/10/2018;0.951331;0.843849;;
02/10/2018;0.95133;0.842457;;
03/10/2018;0.95133;0.841625;;
03/10/2018;0.95133;0.84305;;
03/10/2018;0.95133;0.843383;;
03/10/2018;0.951329;0.840511;;
03/10/2018;0.951329;0.839215;;
03/10/2018;0.951331;0.841925;;
03/10/2018;0.951332;0.842001;;
03/10/2018;0.951331;0.841653;;
03/10/2018;0.95133;0.841735;;
03/10/2018;0.951329;0.83957;;
03/10/2018;0.951329;0.837739;;
03/10/2018;0.951327;0.838126;;
03/10/2018;0.951326;0.836542;;
03/10/2018;0.951325;0.837045;;
03/10/2018;0.951324;0.835533;;
03/10/2018;0.951322;0.830994;;
03/10/2018;0.951299;0.814868;;
03/10/2018;0.951296;0.813638;;
03/10/2018;0.951304;0.821701;;
03/10/2018;0.951304;0.824981;;
03/10/2018;0.951303;0.822485;;
03/10/2018;0.951301;0.82297;;
03/10/2018;0.951289;0.811927;;
03/10/2018;0.951288;0.819521;;
03/10/2018;0.951286;0.811651;;
03/10/2018;0.951286;0.815328;;
03/10/2018;0.951285;0.81886;;
03/10/2018;0.951285;0.818311;;
03/10/2018;0.951285;0.819913;;
03/10/2018;0.951285;0.819493;;
03/10/2018;0.951285;0.816858;;
03/10/2018;0.951285;0.816631;;
03/10/2018;0.951285;0.815516;;
03/10/2018;0.951285;0.816595;;
03/10/2018;0.951285;0.812752;;
03/10/2018;0.951285;0.814163;;
03/10/2018;0.951285;0.815091;;
03/10/2018;0.951285;0.814785;;
03/10/2018;0.951285;0.816189;;
03/10/2018;0.951285;0.818699;;
03/10/2018;0.951285;0.819379;;
03/10/2018;0.951285;0.818607;;
03/10/2018;0.951285;0.817974;;
03/10/2018;0.951285;0.815503;;
03/10/2018;0.951285;0.815948;;
03/10/2018;0.951285;0.815893;;
03/10/2018;0.951285;0.816597;;
03/10/2018;0.951285;0.817529;;
04/10/2018;0.951285;0.818484;;
04/10/2018;0.951285;0.817847;;
04/10/2018;0.951285;0.816934;;
04/10/2018;0.951285;0.815752;;
04/10/2018;0.951285;0.815294;;
04/10/2018;0.951285;0.81485;;
04/10/2018;0.951284;0.814102;;
04/10/2018;0.951282;0.814508;;
04/10/2018;0.951281;0.813126;;
04/10/2018;0.951281;0.812376;;
04/10/2018;0.951281;0.812321;;
04/10/2018;0.951281;0.812395;;
04/10/2018;0.951281;0.813813;;
04/10/2018;0.951281;0.812669;;
04/10/2018;0.951281;0.813006;;
04/10/2018;0.951281;0.812823;;
04/10/2018;0.951282;0.815024;;
04/10/2018;0.95128;0.814541;;
04/10/2018;0.951279;0.813124;;
04/10/2018;0.951278;0.81426;;
04/10/2018;0.951277;0.815588;;
04/10/2018;0.951277;0.814925;;
04/10/2018;0.951277;0.815848;;
04/10/2018;0.951277;0.815005;;
04/10/2018;0.951277;0.815029;;
04/10/2018;0.951276;0.814809;;
04/10/2018;0.951276;0.819036;;
04/10/2018;0.951276;0.817266;;
04/10/2018;0.951276;0.816792;;
04/10/2018;0.951275;0.81775;;
04/10/2018;0.951275;0.81649;;
04/10/2018;0.951275;0.815296;;
04/10/2018;0.951275;0.814461;;
04/10/2018;0.951275;0.814034;;
04/10/2018;0.951275;0.81337;;
04/10/2018;0.951274;0.812645;;
04/10/2018;0.951274;0.813744;;
04/10/2018;0.951274;0.813139;;
04/10/2018;0.951274;0.812791;;
04/10/2018;0.951274;0.81186;;
04/10/2018;0.951274;0.811641;;
04/10/2018;0.951274;0.810716;;
04/10/2018;0.951274;0.811413;;
04/10/2018;0.951274;0.812222;;
04/10/2018;0.951274;0.813528;;
04/10/2018;0.951274;0.81296;;
04/10/2018;0.951274;0.81235;;
04/10/2018;0.951274;0.811418;;
05/10/2018;0.95128;0.811539;;
05/10/2018;0.951275;0.810255;;
05/10/2018;0.951275;0.811108;;
05/10/2018;0.951275;0.810111;;
05/10/2018;0.951275;0.809798;;
05/10/2018;0.951275;0.809797;;
05/10/2018;0.951274;0.809538;;
05/10/2018;0.951274;0.809975;;
05/10/2018;0.951274;0.809564;;
05/10/2018;0.951274;0.809455;;
05/10/2018;0.951274;0.808547;;
05/10/2018;0.951274;0.80899;;
05/10/2018;0.951274;0.804966;;
05/10/2018;0.951274;0.806677;;
05/10/2018;0.951274;0.808231;;
05/10/2018;0.951274;0.808098;;
05/10/2018;0.951274;0.807543;;
05/10/2018;0.951274;0.805918;;
05/10/2018;0.951274;0.805698;;
05/10/2018;0.951274;0.805981;;
05/10/2018;0.951274;0.805381;;
05/10/2018;0.951274;0.805129;;
05/10/2018;0.951274;0.805474;;
05/10/2018;0.951274;0.80531;;
05/10/2018;0.951274;0.805733;;
05/10/2018;0.951274;0.80521;;
05/10/2018;0.951274;0.804189;;
05/10/2018;0.951275;0.804842;;
05/10/2018;0.951273;0.804118;;
05/10/2018;0.951272;0.804373;;
05/10/2018;0.951272;0.803677;;
05/10/2018;0.951272;0.804248;;
05/10/2018;0.951272;0.803775;;
05/10/2018;0.951272;0.803951;;
05/10/2018;0.951269;0.803043;;
05/10/2018;0.951268;0.801916;;
05/10/2018;0.951268;0.802139;;
05/10/2018;0.951265;0.802226;;
05/10/2018;0.951265;0.80207;;
05/10/2018;0.951265;0.801779;;
05/10/2018;0.951265;0.803799;;
05/10/2018;0.951265;0.803532;;
05/10/2018;0.951264;0.802985;;
05/10/2018;0.951264;0.803107;;
05/10/2018;0.951264;0.802589;;
05/10/2018;0.951264;0.802817;;
05/10/2018;0.951264;0.803933;;
05/10/2018;0.951264;0.80401;;
06/10/2018;0.951264;0.803497;;
06/10/2018;0.951264;0.802941;;
06/10/2018;0.951264;0.802157;;
06/10/2018;0.951264;0.802523;;
06/10/2018;0.951264;0.802378;;
06/10/2018;0.951264;0.801753;;
06/10/2018;0.951264;0.800666;;
06/10/2018;0.951264;0.800565;;
06/10/2018;0.951264;0.800711;;
06/10/2018;0.951264;0.801015;;
06/10/2018;0.951264;0.802275;;
06/10/2018;0.951264;0.801913;;
06/10/2018;0.951264;0.800814;;
06/10/2018;0.951264;0.801717;;
06/10/2018;0.951264;0.804433;;
06/10/2018;0.951264;0.803048;;
06/10/2018;0.951264;0.803026;;
06/10/2018;0.951264;0.803767;;
06/10/2018;0.951264;0.803093;;
06/10/2018;0.951264;0.803517;;
06/10/2018;0.951264;0.80285;;
06/10/2018;0.951264;0.802037;;
06/10/2018;0.951264;0.802005;;
06/10/2018;0.951264;0.802299;;
06/10/2018;0.951264;0.801839;;
06/10/2018;0.951264;0.802179;;
06/10/2018;0.951264;0.801473;;
06/10/2018;0.951264;0.801119;;
06/10/2018;0.951264;0.801334;;
06/10/2018;0.951264;0.802002;;
06/10/2018;0.951264;0.801781;;
06/10/2018;0.951263;0.801581;;
06/10/2018;0.951263;0.801533;;
06/10/2018;0.951263;0.801453;;
06/10/2018;0.951263;0.79988;;
06/10/2018;0.951263;0.7998;;
06/10/2018;0.951263;0.799754;;
06/10/2018;0.951262;0.799971;;
06/10/2018;0.951262;0.801437;;
06/10/2018;0.951262;0.801179;;
06/10/2018;0.951262;0.799723;;
06/10/2018;0.951262;0.797275;;
06/10/2018;0.951262;0.797983;;
06/10/2018;0.951262;0.797707;;
06/10/2018;0.951262;0.792929;;
06/10/2018;0.951262;0.790203;;
06/10/2018;0.951262;0.78689;;
06/10/2018;0.951262;0.789009;;
07/10/2018;0.951262;0.787475;;
07/10/2018;0.951261;0.785048;;
07/10/2018;0.951261;0.767608;;
07/10/2018;0.951261;0.768814;;
07/10/2018;0.951261;0.770142;;
07/10/2018;0.951262;0.772326;;
07/10/2018;0.95126;0.766024;;
07/10/2018;0.95126;0.765262;;
07/10/2018;0.95126;0.762579;;
07/10/2018;0.95126;0.755502;;
07/10/2018;0.95126;0.763672;;
07/10/2018;0.951259;0.763611;;
07/10/2018;0.951259;0.768386;;
07/10/2018;0.951259;0.771156;;
07/10/2018;0.951259;0.768827;;
07/10/2018;0.951255;0.772156;;
07/10/2018;0.951254;0.772641;;
07/10/2018;0.951254;0.772778;;
07/10/2018;0.951253;0.771038;;
07/10/2018;0.951253;0.770016;;
07/10/2018;0.951253;0.771645;;
07/10/2018;0.951253;0.770445;;
07/10/2018;0.951253;0.77005;;
07/10/2018;0.951252;0.769356;;
07/10/2018;0.951251;0.768996;;
07/10/2018;0.951251;0.769155;;
07/10/2018;0.951251;0.769533;;
07/10/2018;0.951251;0.768128;;
07/10/2018;0.951254;0.768475;;
07/10/2018;0.951248;0.766322;;
07/10/2018;0.951247;0.765017;;
07/10/2018;0.951247;0.766481;;
07/10/2018;0.951246;0.765084;;
07/10/2018;0.951246;0.764948;;
07/10/2018;0.951245;0.763038;;
07/10/2018;0.951245;0.762916;;
07/10/2018;0.951245;0.763189;;
07/10/2018;0.951245;0.76421;;
07/10/2018;0.951246;0.764907;;
07/10/2018;0.951245;0.76534;;
07/10/2018;0.951245;0.765878;;
07/10/2018;0.951245;0.765529;;
07/10/2018;0.951245;0.764662;;
07/10/2018;0.951244;0.765341;;
07/10/2018;0.951244;0.766624;;
07/10/2018;0.951244;0.766355;;
07/10/2018;0.951244;0.765746;;
07/10/2018;0.951244;0.765165;;
08/10/2018;0.951244;0.763908;;
08/10/2018;0.951244;0.76469;;
08/10/2018;0.951244;0.764802;;
08/10/2018;0.951244;0.765496;;
08/10/2018;0.951244;0.767018;;
08/10/2018;0.951244;0.767766;;
08/10/2018;0.951244;0.76699;;
08/10/2018;0.951244;0.765446;;
08/10/2018;0.951244;0.764406;;
08/10/2018;0.951244;0.764577;;
08/10/2018;0.951244;0.764619;;
08/10/2018;0.951244;0.765027;;
08/10/2018;0.951244;0.765428;;
08/10/2018;0.951244;0.767002;;
08/10/2018;0.951244;0.766829;;
08/10/2018;0.951244;0.766961;;
08/10/2018;0.951244;0.766672;;
08/10/2018;0.951244;0.76696;;
08/10/2018;0.951244;0.767099;;
08/10/2018;0.951245;0.768631;;
08/10/2018;0.951243;0.767699;;
08/10/2018;0.951243;0.767787;;
08/10/2018;0.951243;0.768399;;
08/10/2018;0.951243;0.767233;;
08/10/2018;0.951244;0.767422;;
08/10/2018;0.951243;0.767954;;
08/10/2018;0.951242;0.767174;;
08/10/2018;0.951242;0.767434;;
08/10/2018;0.951242;0.767291;;
08/10/2018;0.951242;0.766237;;
08/10/2018;0.951242;0.765339;;
08/10/2018;0.951242;0.764314;;
08/10/2018;0.951242;0.765304;;
08/10/2018;0.951242;0.764463;;
08/10/2018;0.951242;0.764484;;
08/10/2018;0.951242;0.762936;;
08/10/2018;0.951243;0.764309;;
08/10/2018;0.951242;0.764153;;
08/10/2018;0.951242;0.765022;;
08/10/2018;0.951242;0.764355;;
08/10/2018;0.95124;0.763666;;
08/10/2018;0.951241;0.764916;;
08/10/2018;0.95124;0.76766;;
08/10/2018;0.95124;0.768081;;
08/10/2018;0.951239;0.767794;;
08/10/2018;0.951239;0.768064;;
08/10/2018;0.951239;0.768185;;
08/10/2018;0.951239;0.768289;;
09/10/2018;0.951239;0.768585;;
09/10/2018;0.951239;0.767163;;
09/10/2018;0.951239;0.767195;;
09/10/2018;0.951239;0.766801;;
09/10/2018;0.951239;0.766816;;
09/10/2018;0.951239;0.7668;;
09/10/2018;0.951239;0.766805;;
09/10/2018;0.951239;0.76673;;
09/10/2018;0.951239;0.767491;;
09/10/2018;0.951239;0.766031;;
09/10/2018;0.951241;0.767349;;
09/10/2018;0.95124;0.766759;;
09/10/2018;0.95124;0.765894;;
09/10/2018;0.95124;0.767329;;
09/10/2018;0.95124;0.766524;;
09/10/2018;0.95124;0.767249;;
09/10/2018;0.95124;0.767482;;
09/10/2018;0.95124;0.767657;;
09/10/2018;0.95124;0.766376;;
09/10/2018;0.95124;0.767297;;
09/10/2018;0.95124;0.765787;;
09/10/2018;0.951239;0.764493;;
09/10/2018;0.951239;0.76473;;
09/10/2018;0.95124;0.765258;;
09/10/2018;0.951238;0.764686;;
09/10/2018;0.951238;0.764969;;
09/10/2018;0.951238;0.765057;;
09/10/2018;0.951238;0.765342;;
09/10/2018;0.951238;0.764412;;
09/10/2018;0.951238;0.764415;;
09/10/2018;0.951236;0.763836;;
09/10/2018;0.951235;0.763325;;
09/10/2018;0.951235;0.762774;;
09/10/2018;0.951235;0.763774;;
09/10/2018;0.951235;0.762291;;
09/10/2018;0.951234;0.760866;;
09/10/2018;0.951227;0.760631;;
09/10/2018;0.951227;0.76125;;
09/10/2018;0.951227;0.760539;;
09/10/2018;0.951228;0.760703;;
09/10/2018;0.951224;0.761047;;
09/10/2018;0.951224;0.760546;;
09/10/2018;0.951224;0.759315;;
09/10/2018;0.951224;0.758089;;
09/10/2018;0.951224;0.756836;;
09/10/2018;0.951223;0.757167;;
09/10/2018;0.951223;0.757446;;
09/10/2018;0.951223;0.756894;;
10/10/2018;0.951223;0.75681;;
10/10/2018;0.951223;0.757691;;
10/10/2018;0.951223;0.756496;;
10/10/2018;0.951223;0.756558;;
10/10/2018;0.951223;0.756797;;
10/10/2018;0.951223;0.757157;;
10/10/2018;0.951223;0.757043;;
10/10/2018;0.951223;0.756702;;
10/10/2018;0.951223;0.756299;;
10/10/2018;0.951223;0.756276;;
10/10/2018;0.951223;0.755052;;
10/10/2018;0.951223;0.755558;;
10/10/2018;0.951223;0.754777;;
10/10/2018;0.951223;0.754746;;
10/10/2018;0.951223;0.754826;;
10/10/2018;0.951223;0.75518;;
10/10/2018;0.951223;0.755406;;
10/10/2018;0.951223;0.755409;;
10/10/2018;0.951223;0.754587;;
10/10/2018;0.951223;0.754831;;
10/10/2018;0.951223;0.754748;;
10/10/2018;0.951223;0.754006;;
10/10/2018;0.951223;0.754379;;
10/10/2018;0.951223;0.754438;;
10/10/2018;0.951223;0.753325;;
10/10/2018;0.951223;0.754003;;
10/10/2018;0.951223;0.753322;;
10/10/2018;0.951223;0.752173;;
10/10/2018;0.951223;0.753575;;
10/10/2018;0.951223;0.753456;;
10/10/2018;0.951223;0.753276;;
10/10/2018;0.951223;0.753129;;
10/10/2018;0.951223;0.753141;;
10/10/2018;0.951223;0.752658;;
10/10/2018;0.951223;0.75292;;
10/10/2018;0.951223;0.751486;;
10/10/2018;0.951223;0.75235;;
10/10/2018;0.951223;0.752655;;
10/10/2018;0.951223;0.752137;;
10/10/2018;0.951223;0.752675;;
10/10/2018;0.951223;0.752222;;
10/10/2018;0.951222;0.751488;;
10/10/2018;0.951221;0.752425;;
10/10/2018;0.951221;0.751911;;
10/10/2018;0.951221;0.751994;;
10/10/2018;0.951221;0.751538;;
10/10/2018;0.95122;0.751498;;
10/10/2018;0.95122;0.750654;;
11/10/2018;0.95122;0.749448;;
11/10/2018;0.95122;0.749128;;
11/10/2018;0.95122;0.748576;;
11/10/2018;0.95122;0.749187;;
11/10/2018;0.95122;0.748902;;
11/10/2018;0.95122;0.749825;;
11/10/2018;0.95122;0.749158;;
11/10/2018;0.95122;0.749124;;
11/10/2018;0.95122;0.748147;;
11/10/2018;0.95122;0.748245;;
11/10/2018;0.95122;0.747809;;
11/10/2018;0.95122;0.74777;;
11/10/2018;0.95122;0.747669;;
11/10/2018;0.95122;0.747684;;
11/10/2018;0.95122;0.746189;;
11/10/2018;0.95122;0.745541;;
11/10/2018;0.95122;0.746081;;
11/10/2018;0.95122;0.746711;;
11/10/2018;0.95122;0.747435;;
11/10/2018;0.95122;0.740027;;
11/10/2018;0.95122;0.723019;;
11/10/2018;0.95122;0.730801;;
11/10/2018;0.95122;0.725033;;
11/10/2018;0.95122;0.720843;;
11/10/2018;0.95122;0.724909;;
11/10/2018;0.95122;0.722398;;
11/10/2018;0.95122;0.723036;;
11/10/2018;0.95122;0.722688;;
11/10/2018;0.95122;0.719619;;
11/10/2018;0.95122;0.717319;;
11/10/2018;0.95122;0.706605;;
11/10/2018;0.95122;0.709188;;
11/10/2018;0.95122;0.709133;;
11/10/2018;0.95122;0.71303;;
11/10/2018;0.95122;0.716177;;
11/10/2018;0.95122;0.714085;;
11/10/2018;0.95122;0.712164;;
11/10/2018;0.95122;0.712088;;
11/10/2018;0.95122;0.711877;;
11/10/2018;0.95122;0.712593;;
11/10/2018;0.95122;0.711173;;
11/10/2018;0.95122;0.707909;;
11/10/2018;0.95122;0.71034;;
11/10/2018;0.95122;0.70777;;
11/10/2018;0.95122;0.705336;;
11/10/2018;0.95122;0.708753;;
11/10/2018;0.95122;0.712223;;
11/10/2018;0.95122;0.711552;;
12/10/2018;0.95122;0.710244;;
12/10/2018;0.95122;0.710659;;
12/10/2018;0.95122;0.711847;;
12/10/2018;0.95122;0.711906;;
12/10/2018;0.951219;0.710277;;
12/10/2018;0.951219;0.711088;;
12/10/2018;0.951219;0.712219;;
12/10/2018;0.951219;0.710652;;
12/10/2018;0.951219;0.710303;;
12/10/2018;0.951219;0.710306;;
12/10/2018;0.951219;0.70897;;
12/10/2018;0.951219;0.709145;;
12/10/2018;0.951219;0.70746;;
12/10/2018;0.951219;0.706161;;
12/10/2018;0.951219;0.705629;;
12/10/2018;0.951219;0.70146;;
12/10/2018;0.951219;0.693342;;
12/10/2018;0.951219;0.686063;;
12/10/2018;0.951219;0.690329;;
12/10/2018;0.951219;0.690734;;
12/10/2018;0.95122;0.691976;;
12/10/2018;0.951219;0.691892;;
12/10/2018;0.951219;0.695541;;
12/10/2018;0.951224;0.696315;;
12/10/2018;0.951222;0.69397;;
12/10/2018;0.951222;0.697126;;
12/10/2018;0.951222;0.6983;;
12/10/2018;0.951222;0.702225;;
12/10/2018;0.951222;0.701035;;
12/10/2018;0.951222;0.701094;;
12/10/2018;0.951222;0.710295;;
12/10/2018;0.951222;0.712067;;
12/10/2018;0.951222;0.711975;;
12/10/2018;0.951222;0.711253;;
12/10/2018;0.951222;0.709302;;
12/10/2018;0.951222;0.709478;;
12/10/2018;0.951222;0.707676;;
12/10/2018;0.951222;0.70781;;
12/10/2018;0.951222;0.708349;;
12/10/2018;0.951222;0.708084;;
12/10/2018;0.951222;0.70724;;
12/10/2018;0.951222;0.70686;;
12/10/2018;0.951222;0.706974;;
12/10/2018;0.951222;0.707804;;
12/10/2018;0.951222;0.708165;;
12/10/2018;0.951222;0.708582;;
12/10/2018;0.951222;0.707853;;
12/10/2018;0.951222;0.708832;;
13/10/2018;0.951222;0.710287;;
13/10/2018;0.951222;0.710275;;
13/10/2018;0.951222;0.71045;;
13/10/2018;0.951222;0.709731;;
13/10/2018;0.951222;0.709514;;
13/10/2018;0.951222;0.707361;;
13/10/2018;0.951222;0.705179;;
13/10/2018;0.951222;0.705799;;
13/10/2018;0.951222;0.707411;;
13/10/2018;0.951222;0.70706;;
13/10/2018;0.951222;0.707015;;
13/10/2018;0.951222;0.707631;;
13/10/2018;0.951222;0.708032;;
13/10/2018;0.951222;0.706349;;
13/10/2018;0.951222;0.70518;;
13/10/2018;0.951222;0.704541;;
13/10/2018;0.951222;0.70499;;
13/10/2018;0.951222;0.705204;;
13/10/2018;0.951222;0.708848;;
13/10/2018;0.951222;0.707999;;
13/10/2018;0.951222;0.708717;;
13/10/2018;0.951222;0.708305;;
13/10/2018;0.951222;0.707468;;
13/10/2018;0.951222;0.707933;;
13/10/2018;0.951222;0.706506;;
13/10/2018;0.951222;0.705178;;
13/10/2018;0.951222;0.705462;;
13/10/2018;0.951222;0.707431;;
13/10/2018;0.951222;0.707659;;
13/10/2018;0.951222;0.706355;;
13/10/2018;0.951222;0.706141;;
13/10/2018;0.951222;0.705158;;
13/10/2018;0.951222;0.704776;;
13/10/2018;0.951222;0.705838;;
13/10/2018;0.951222;0.704826;;
13/10/2018;0.951222;0.706;;
13/10/2018;0.951222;0.706734;;
13/10/2018;0.951222;0.706758;;
13/10/2018;0.951222;0.707441;;
13/10/2018;0.951222;0.706691;;
13/10/2018;0.951218;0.707284;;
13/10/2018;0.95122;0.707622;;
13/10/2018;0.951217;0.705317;;
13/10/2018;0.951217;0.705125;;
13/10/2018;0.951216;0.704242;;
13/10/2018;0.951216;0.704193;;
13/10/2018;0.951216;0.703317;;
13/10/2018;0.951216;0.703679;;
14/10/2018;0.951216;0.704951;;
14/10/2018;0.951216;0.704297;;
14/10/2018;0.951216;0.704406;;
14/10/2018;0.951216;0.704363;;
14/10/2018;0.951216;0.704155;;
14/10/2018;0.951216;0.703385;;
14/10/2018;0.951216;0.703435;;
14/10/2018;0.951216;0.7017;;
14/10/2018;0.951215;0.702147;;
14/10/2018;0.951215;0.701606;;
14/10/2018;0.951215;0.70164;;
14/10/2018;0.951215;0.701881;;
14/10/2018;0.951215;0.701851;;
14/10/2018;0.951215;0.701868;;
14/10/2018;0.951215;0.702538;;
14/10/2018;0.951215;0.70311;;
14/10/2018;0.951215;0.703415;;
14/10/2018;0.951215;0.703682;;
14/10/2018;0.951215;0.70287;;
14/10/2018;0.951215;0.701944;;
14/10/2018;0.951215;0.701659;;
14/10/2018;0.951215;0.70202;;
14/10/2018;0.951215;0.701728;;
14/10/2018;0.951214;0.701297;;
14/10/2018;0.951214;0.701512;;
14/10/2018;0.951214;0.701243;;
14/10/2018;0.951214;0.70058;;
14/10/2018;0.951214;0.700823;;
14/10/2018;0.951214;0.699803;;
14/10/2018;0.951214;0.699959;;
14/10/2018;0.951214;0.700991;;
14/10/2018;0.951214;0.700834;;
14/10/2018;0.951214;0.70011;;
14/10/2018;0.951214;0.700369;;
14/10/2018;0.951214;0.700798;;
14/10/2018;0.951214;0.700629;;
14/10/2018;0.951214;0.700416;;
14/10/2018;0.951214;0.699163;;
14/10/2018;0.951214;0.698922;;
14/10/2018;0.951214;0.698345;;
14/10/2018;0.951214;0.698937;;
14/10/2018;0.951214;0.698842;;
14/10/2018;0.951214;0.698276;;
14/10/2018;0.951214;0.697531;;
14/10/2018;0.951214;0.696688;;
14/10/2018;0.951214;0.697071;;
14/10/2018;0.951214;0.696884;;
14/10/2018;0.951214;0.696567;;
15/10/2018;0.951214;0.69637;;
15/10/2018;0.951214;0.696241;;
15/10/2018;0.951214;0.696167;;
15/10/2018;0.951214;0.695789;;
15/10/2018;0.951214;0.69608;;
15/10/2018;0.951214;0.695907;;
15/10/2018;0.951214;0.695673;;
15/10/2018;0.951215;0.696193;;
15/10/2018;0.951214;0.6958;;
15/10/2018;0.951214;0.696319;;
15/10/2018;0.951214;0.695873;;
15/10/2018;0.951214;0.693763;;
15/10/2018;0.951214;0.692622;;
15/10/2018;0.951214;0.692487;;
15/10/2018;0.951214;0.691602;;
15/10/2018;0.951214;0.690782;;
15/10/2018;0.951214;0.689514;;
15/10/2018;0.951214;0.685241;;
15/10/2018;0.951214;0.682327;;
15/10/2018;0.951214;0.685853;;
15/10/2018;0.951214;0.684801;;
15/10/2018;0.951214;0.685543;;
15/10/2018;0.951214;0.683621;;
15/10/2018;0.951214;0.683097;;
15/10/2018;0.951214;0.683105;;
15/10/2018;0.951214;0.683738;;
15/10/2018;0.951214;0.6836;;
15/10/2018;0.951214;0.681808;;
15/10/2018;0.951214;0.696341;;
15/10/2018;0.951214;0.689933;;
15/10/2018;0.951211;0.668182;;
15/10/2018;0.951208;0.631117;;
15/10/2018;0.951208;0.661778;;
15/10/2018;0.951208;0.674097;;
15/10/2018;0.951208;0.670735;;
15/10/2018;0.951208;0.677245;;
15/10/2018;0.951208;0.680699;;
15/10/2018;0.951208;0.676406;;
15/10/2018;0.951208;0.676787;;
15/10/2018;0.951207;0.669464;;
15/10/2018;0.951206;0.662444;;
15/10/2018;0.951206;0.665109;;
15/10/2018;0.951206;0.664734;;
15/10/2018;0.951206;0.666049;;
15/10/2018;0.951206;0.665383;;
15/10/2018;0.951206;0.664841;;
15/10/2018;0.951206;0.666519;;
15/10/2018;0.951206;0.667951;;
16/10/2018;0.951206;0.667948;;
16/10/2018;0.951206;0.666926;;
16/10/2018;0.951206;0.668324;;
16/10/2018;0.951206;0.666831;;
16/10/2018;0.951206;0.667409;;
16/10/2018;0.951206;0.666928;;
16/10/2018;0.951206;0.66921;;
16/10/2018;0.951206;0.668417;;
16/10/2018;0.951206;0.669084;;
16/10/2018;0.951207;0.671758;;
16/10/2018;0.951205;0.673464;;
16/10/2018;0.951205;0.67403;;
16/10/2018;0.951205;0.674537;;
16/10/2018;0.951205;0.674368;;
16/10/2018;0.951205;0.676;;
16/10/2018;0.951205;0.676185;;
16/10/2018;0.951205;0.676323;;
16/10/2018;0.951205;0.677098;;
16/10/2018;0.951205;0.67659;;
16/10/2018;0.951205;0.676223;;
16/10/2018;0.951205;0.676368;;
16/10/2018;0.951205;0.676501;;
16/10/2018;0.951205;0.676431;;
16/10/2018;0.951205;0.676856;;
16/10/2018;0.951205;0.676343;;
16/10/2018;0.951205;0.67564;;
16/10/2018;0.951205;0.674922;;
16/10/2018;0.951205;0.675567;;
16/10/2018;0.951205;0.674669;;
16/10/2018;0.951205;0.675285;;
16/10/2018;0.951205;0.674369;;
16/10/2018;0.951205;0.674539;;
16/10/2018;0.951205;0.674338;;
16/10/2018;0.951205;0.67463;;
16/10/2018;0.951205;0.675561;;
16/10/2018;0.951205;0.67688;;
16/10/2018;0.951205;0.676735;;
16/10/2018;0.951204;0.676175;;
16/10/2018;0.951204;0.676375;;
16/10/2018;0.951204;0.675316;;
16/10/2018;0.951204;0.674463;;
16/10/2018;0.951204;0.673501;;
16/10/2018;0.951204;0.674042;;
16/10/2018;0.951204;0.675219;;
16/10/2018;0.951204;0.674131;;
16/10/2018;0.951204;0.673981;;
16/10/2018;0.951204;0.674256;;
16/10/2018;0.951204;0.674513;;
17/10/2018;0.951204;0.6747;;
17/10/2018;0.951204;0.674474;;
17/10/2018;0.951203;0.673069;;
17/10/2018;0.951203;0.672748;;
17/10/2018;0.951203;0.672594;;
17/10/2018;0.951203;0.672503;;
17/10/2018;0.951203;0.673302;;
17/10/2018;0.951203;0.672952;;
17/10/2018;0.951203;0.672009;;
17/10/2018;0.951203;0.672196;;
17/10/2018;0.951203;0.674603;;
17/10/2018;0.951203;0.67342;;
17/10/2018;0.951203;0.67243;;
17/10/2018;0.951203;0.672784;;
17/10/2018;0.951202;0.673594;;
17/10/2018;0.951202;0.67367;;
17/10/2018;0.951202;0.673203;;
17/10/2018;0.951201;0.674006;;
17/10/2018;0.951201;0.673367;;
17/10/2018;0.9512;0.673907;;
17/10/2018;0.9512;0.673065;;
17/10/2018;0.9512;0.672906;;
17/10/2018;0.9512;0.672816;;
17/10/2018;0.9512;0.672314;;
17/10/2018;0.9512;0.671554;;
17/10/2018;0.9512;0.671569;;
17/10/2018;0.9512;0.671514;;
17/10/2018;0.9512;0.671769;;
17/10/2018;0.9512;0.67224;;
17/10/2018;0.9512;0.672755;;
17/10/2018;0.9512;0.672714;;
17/10/2018;0.9512;0.672705;;
17/10/2018;0.9512;0.672218;;
17/10/2018;0.9512;0.672212;;
17/10/2018;0.9512;0.672089;;
17/10/2018;0.9512;0.671923;;
17/10/2018;0.9512;0.6719;;
17/10/2018;0.9512;0.671612;;
17/10/2018;0.9512;0.671195;;
17/10/2018;0.9512;0.671327;;
17/10/2018;0.9512;0.668588;;
17/10/2018;0.9512;0.669843;;
17/10/2018;0.9512;0.669841;;
17/10/2018;0.9512;0.6697;;
17/10/2018;0.9512;0.669503;;
17/10/2018;0.9512;0.668972;;
17/10/2018;0.9512;0.670571;;
17/10/2018;0.9512;0.672234;;
18/10/2018;0.9512;0.671962;;
18/10/2018;0.9512;0.672616;;
18/10/2018;0.9512;0.672591;;
18/10/2018;0.9512;0.672251;;
18/10/2018;0.9512;0.670981;;
18/10/2018;0.9512;0.671462;;
18/10/2018;0.9512;0.671351;;
18/10/2018;0.9512;0.671498;;
18/10/2018;0.9512;0.672325;;
18/10/2018;0.9512;0.672073;;
18/10/2018;0.9512;0.67132;;
18/10/2018;0.9512;0.669989;;
18/10/2018;0.9512;0.669589;;
18/10/2018;0.9512;0.670206;;
18/10/2018;0.9512;0.671119;;
18/10/2018;0.9512;0.671966;;
18/10/2018;0.951199;0.670972;;
18/10/2018;0.951199;0.671416;;
18/10/2018;0.951199;0.671036;;
18/10/2018;0.951199;0.671193;;
18/10/2018;0.951199;0.670997;;
18/10/2018;0.951199;0.67118;;
18/10/2018;0.951199;0.671226;;
18/10/2018;0.951199;0.671136;;
18/10/2018;0.951199;0.671437;;
18/10/2018;0.951199;0.671366;;
18/10/2018;0.951199;0.670534;;
18/10/2018;0.951199;0.67052;;
18/10/2018;0.951199;0.671287;;
18/10/2018;0.951199;0.671168;;
18/10/2018;0.951199;0.6714;;
18/10/2018;0.951199;0.670506;;
18/10/2018;0.951199;0.67136;;
18/10/2018;0.951199;0.67103;;
18/10/2018;0.951189;0.669873;;
18/10/2018;0.951181;0.669588;;
18/10/2018;0.951181;0.670845;;
18/10/2018;0.951177;0.670015;;
18/10/2018;0.951177;0.67057;;
18/10/2018;0.951176;0.671162;;
18/10/2018;0.951176;0.670475;;
18/10/2018;0.951176;0.668956;;
18/10/2018;0.951176;0.669115;;
18/10/2018;0.951176;0.668669;;
18/10/2018;0.951176;0.667999;;
18/10/2018;0.951176;0.66806;;
18/10/2018;0.951176;0.668038;;
18/10/2018;0.951176;0.667589;;
19/10/2018;0.951176;0.663191;;
19/10/2018;0.951176;0.663524;;
19/10/2018;0.951176;0.661358;;
19/10/2018;0.951176;0.659917;;
19/10/2018;0.951176;0.656941;;
19/10/2018;0.951176;0.653786;;
19/10/2018;0.951176;0.658256;;
19/10/2018;0.951176;0.656902;;
19/10/2018;0.951176;0.658841;;
19/10/2018;0.951176;0.660466;;
19/10/2018;0.951176;0.659378;;
19/10/2018;0.951176;0.65876;;
19/10/2018;0.951176;0.657883;;
19/10/2018;0.951176;0.656943;;
19/10/2018;0.951176;0.657491;;
19/10/2018;0.951176;0.658318;;
19/10/2018;0.951176;0.661885;;
19/10/2018;0.951176;0.661406;;
19/10/2018;0.951176;0.662627;;
19/10/2018;0.951176;0.662393;;
19/10/2018;0.951176;0.662469;;
19/10/2018;0.951176;0.661661;;
19/10/2018;0.951176;0.662002;;
19/10/2018;0.951176;0.662292;;
19/10/2018;0.951176;0.661064;;
19/10/2018;0.951176;0.660459;;
19/10/2018;0.951176;0.659742;;
19/10/2018;0.951176;0.659835;;
19/10/2018;0.951176;0.660091;;
19/10/2018;0.951176;0.658341;;
19/10/2018;0.951176;0.659234;;
19/10/2018;0.951176;0.659092;;
19/10/2018;0.951176;0.658792;;
19/10/2018;0.951176;0.657845;;
19/10/2018;0.951176;0.658506;;
19/10/2018;0.951176;0.658815;;
19/10/2018;0.951176;0.661487;;
19/10/2018;0.951176;0.662606;;
19/10/2018;0.951176;0.66344;;
19/10/2018;0.951176;0.663006;;
19/10/2018;0.951176;0.662639;;
19/10/2018;0.951176;0.661907;;
19/10/2018;0.951176;0.661697;;
19/10/2018;0.951176;0.661154;;
19/10/2018;0.951176;0.661845;;
19/10/2018;0.951176;0.661909;;
19/10/2018;0.951176;0.661754;;
19/10/2018;0.951176;0.663207;;
20/10/2018;0.951176;0.663562;;
20/10/2018;0.951176;0.663914;;
20/10/2018;0.951176;0.665677;;
20/10/2018;0.951176;0.665834;;
20/10/2018;0.951176;0.66517;;
20/10/2018;0.951176;0.665613;;
20/10/2018;0.951176;0.665113;;
20/10/2018;0.951176;0.665618;;
20/10/2018;0.951176;0.664931;;
20/10/2018;0.951176;0.66638;;
20/10/2018;0.951176;0.665489;;
20/10/2018;0.951176;0.66605;;
20/10/2018;0.951176;0.666149;;
20/10/2018;0.951176;0.666942;;
20/10/2018;0.951176;0.665798;;
20/10/2018;0.951176;0.665743;;
20/10/2018;0.951176;0.666788;;
20/10/2018;0.951176;0.666296;;
20/10/2018;0.951176;0.665035;;
20/10/2018;0.951176;0.665275;;
20/10/2018;0.951176;0.665003;;
20/10/2018;0.951176;0.667818;;
20/10/2018;0.951176;0.66832;;
20/10/2018;0.951176;0.667235;;
20/10/2018;0.951176;0.667644;;
20/10/2018;0.951176;0.66702;;
20/10/2018;0.951176;0.667569;;
20/10/2018;0.951176;0.667527;;
20/10/2018;0.951176;0.666825;;
20/10/2018;0.951176;0.667022;;
20/10/2018;0.951176;0.667512;;
20/10/2018;0.951176;0.667834;;
20/10/2018;0.951176;0.669592;;
20/10/2018;0.951176;0.668594;;
20/10/2018;0.951176;0.668657;;
20/10/2018;0.951176;0.66773;;
20/10/2018;0.951176;0.66827;;
20/10/2018;0.951176;0.668335;;
20/10/2018;0.951176;0.667765;;
20/10/2018;0.951176;0.667711;;
20/10/2018;0.951176;0.66795;;
20/10/2018;0.951176;0.667779;;
20/10/2018;0.951176;0.667469;;
20/10/2018;0.951176;0.667002;;
20/10/2018;0.951176;0.667142;;
20/10/2018;0.951176;0.667524;;
20/10/2018;0.951176;0.668022;;
20/10/2018;0.951176;0.667528;;
21/10/2018;0.951176;0.667674;;
21/10/2018;0.951176;0.666347;;
21/10/2018;0.951176;0.667317;;
21/10/2018;0.951176;0.667866;;
21/10/2018;0.951176;0.667472;;
21/10/2018;0.951176;0.666798;;
21/10/2018;0.951176;0.666478;;
21/10/2018;0.951176;0.666093;;
21/10/2018;0.951176;0.665614;;
21/10/2018;0.951176;0.668077;;
21/10/2018;0.951176;0.667022;;
21/10/2018;0.951176;0.667846;;
21/10/2018;0.951176;0.667189;;
21/10/2018;0.951176;0.666867;;
21/10/2018;0.951176;0.668007;;
21/10/2018;0.951176;0.667524;;
21/10/2018;0.951176;0.666623;;
21/10/2018;0.951175;0.66653;;
21/10/2018;0.951175;0.666812;;
21/10/2018;0.951175;0.666574;;
21/10/2018;0.951175;0.667463;;
21/10/2018;0.951175;0.667289;;
21/10/2018;0.951175;0.667124;;
21/10/2018;0.951175;0.666306;;
21/10/2018;0.951175;0.666308;;
21/10/2018;0.951175;0.666253;;
21/10/2018;0.951175;0.665377;;
21/10/2018;0.951175;0.665804;;
21/10/2018;0.951175;0.666515;;
21/10/2018;0.951175;0.665456;;
21/10/2018;0.951175;0.665945;;
21/10/2018;0.951175;0.66625;;
21/10/2018;0.951175;0.665648;;
21/10/2018;0.951175;0.665428;;
21/10/2018;0.951175;0.664682;;
21/10/2018;0.951175;0.664556;;
21/10/2018;0.951175;0.664524;;
21/10/2018;0.951175;0.663912;;
21/10/2018;0.951175;0.663715;;
21/10/2018;0.951175;0.663083;;
21/10/2018;0.951175;0.661934;;
21/10/2018;0.951175;0.661506;;
21/10/2018;0.951175;0.662876;;
21/10/2018;0.951175;0.662647;;
21/10/2018;0.951175;0.662003;;
21/10/2018;0.951175;0.66287;;
21/10/2018;0.951175;0.662241;;
21/10/2018;0.951175;0.662098;;
22/10/2018;0.951175;0.662566;;
22/10/2018;0.951175;0.662593;;
22/10/2018;0.951175;0.66128;;
22/10/2018;0.951175;0.662022;;
22/10/2018;0.951175;0.660333;;
22/10/2018;0.951175;0.661228;;
22/10/2018;0.951175;0.660886;;
22/10/2018;0.951175;0.660395;;
22/10/2018;0.951175;0.660708;;
22/10/2018;0.951175;0.66072;;
22/10/2018;0.951175;0.660915;;
22/10/2018;0.951175;0.661239;;
22/10/2018;0.951175;0.661416;;
22/10/2018;0.951175;0.660743;;
22/10/2018;0.951175;0.660671;;
22/10/2018;0.951175;0.659846;;
22/10/2018;0.951175;0.659358;;
22/10/2018;0.951175;0.659302;;
22/10/2018;0.951175;0.659344;;
22/10/2018;0.951175;0.65821;;
22/10/2018;0.951175;0.658225;;
22/10/2018;0.951175;0.659701;;
22/10/2018;0.951175;0.659259;;
22/10/2018;0.951175;0.658906;;
22/10/2018;0.951175;0.659072;;
22/10/2018;0.951175;0.658244;;
22/10/2018;0.951175;0.659076;;
22/10/2018;0.951175;0.658904;;
22/10/2018;0.951175;0.657906;;
22/10/2018;0.951175;0.658303;;
22/10/2018;0.951175;0.657395;;
22/10/2018;0.951175;0.656781;;
22/10/2018;0.951175;0.656488;;
22/10/2018;0.951175;0.656291;;
22/10/2018;0.951175;0.655384;;
22/10/2018;0.951175;0.65514;;
22/10/2018;0.951175;0.655191;;
22/10/2018;0.951175;0.654774;;
22/10/2018;0.951175;0.654901;;
22/10/2018;0.951175;0.657579;;
22/10/2018;0.951175;0.657247;;
22/10/2018;0.951175;0.656534;;
22/10/2018;0.951175;0.656599;;
22/10/2018;0.951175;0.656109;;
22/10/2018;0.951175;0.654738;;
22/10/2018;0.951175;0.65415;;
22/10/2018;0.951175;0.654301;;
22/10/2018;0.951175;0.654697;;
23/10/2018;0.951175;0.654119;;
23/10/2018;0.951175;0.654039;;
23/10/2018;0.951175;0.65432;;
23/10/2018;0.951175;0.653109;;
23/10/2018;0.951175;0.655397;;
23/10/2018;0.951175;0.654341;;
23/10/2018;0.951175;0.654222;;
23/10/2018;0.951175;0.653388;;
23/10/2018;0.951175;0.652482;;
23/10/2018;0.951175;0.652831;;
23/10/2018;0.951175;0.65422;;
23/10/2018;0.951175;0.654898;;
23/10/2018;0.951175;0.654423;;
23/10/2018;0.951175;0.654448;;
23/10/2018;0.951175;0.655102;;
23/10/2018;0.951175;0.655303;;
23/10/2018;0.951175;0.655488;;
23/10/2018;0.951175;0.656028;;
23/10/2018;0.951175;0.656034;;
23/10/2018;0.951175;0.657416;;
23/10/2018;0.951175;0.657435;;
23/10/2018;0.951175;0.656685;;
23/10/2018;0.951175;0.655759;;
23/10/2018;0.951175;0.655147;;
23/10/2018;0.951175;0.653575;;
23/10/2018;0.951175;0.653873;;
23/10/2018;0.951175;0.652952;;
23/10/2018;0.951175;0.653372;;
23/10/2018;0.951175;0.654488;;
23/10/2018;0.951175;0.653694;;
23/10/2018;0.951175;0.652697;;
23/10/2018;0.951175;0.652007;;
23/10/2018;0.951175;0.65156;;
23/10/2018;0.951175;0.652197;;
23/10/2018;0.951175;0.651925;;
23/10/2018;0.951175;0.652331;;
23/10/2018;0.951175;0.650533;;
23/10/2018;0.951175;0.650225;;
23/10/2018;0.951175;0.649104;;
23/10/2018;0.951175;0.64668;;
23/10/2018;0.951175;0.64681;;
23/10/2018;0.951175;0.646891;;
23/10/2018;0.951175;0.647282;;
23/10/2018;0.951175;0.64703;;
23/10/2018;0.951175;0.646663;;
23/10/2018;0.951175;0.646233;;
23/10/2018;0.951175;0.645433;;
23/10/2018;0.951175;0.644628;;
24/10/2018;0.951175;0.644468;;
24/10/2018;0.951175;0.643622;;
24/10/2018;0.951175;0.643491;;
24/10/2018;0.951175;0.643244;;
24/10/2018;0.951175;0.643598;;
24/10/2018;0.951175;0.643749;;
24/10/2018;0.951175;0.643315;;
24/10/2018;0.951175;0.642457;;
24/10/2018;0.951175;0.644124;;
24/10/2018;0.951175;0.646204;;
24/10/2018;0.951175;0.646222;;
24/10/2018;0.951175;0.648238;;
24/10/2018;0.951175;0.64721;;
24/10/2018;0.951175;0.647039;;
24/10/2018;0.951175;0.646299;;
24/10/2018;0.951175;0.646298;;
24/10/2018;0.951175;0.646371;;
24/10/2018;0.951175;0.646581;;
24/10/2018;0.951175;0.647582;;
24/10/2018;0.951175;0.64817;;
24/10/2018;0.951175;0.648341;;
24/10/2018;0.951175;0.647543;;
24/10/2018;0.951175;0.647847;;
24/10/2018;0.951175;0.647258;;
24/10/2018;0.951175;0.646944;;
24/10/2018;0.951175;0.64644;;
24/10/2018;0.951175;0.645771;;
24/10/2018;0.951175;0.645618;;
24/10/2018;0.951175;0.645724;;
24/10/2018;0.951175;0.645582;;
24/10/2018;0.951175;0.645642;;
24/10/2018;0.951175;0.645163;;
24/10/2018;0.951175;0.645275;;
24/10/2018;0.951175;0.644629;;
24/10/2018;0.951175;0.644262;;
24/10/2018;0.951175;0.64381;;
24/10/2018;0.951175;0.642943;;
24/10/2018;0.951175;0.643266;;
24/10/2018;0.951175;0.644538;;
24/10/2018;0.951175;0.644045;;
24/10/2018;0.951175;0.643229;;
24/10/2018;0.951175;0.644167;;
24/10/2018;0.951175;0.643951;;
24/10/2018;0.951175;0.643619;;
24/10/2018;0.951175;0.643337;;
24/10/2018;0.951175;0.644842;;
24/10/2018;0.951175;0.644192;;
24/10/2018;0.951175;0.643672;;
25/10/2018;0.951175;0.642979;;
25/10/2018;0.951175;0.643073;;
25/10/2018;0.951175;0.643164;;
25/10/2018;0.951175;0.643078;;
25/10/2018;0.951175;0.642518;;
25/10/2018;0.951175;0.641909;;
25/10/2018;0.951175;0.642036;;
25/10/2018;0.951175;0.641232;;
25/10/2018;0.951175;0.641408;;
25/10/2018;0.951175;0.641283;;
25/10/2018;0.951175;0.641069;;
25/10/2018;0.951175;0.641139;;
25/10/2018;0.951175;0.640604;;
25/10/2018;0.951175;0.640795;;
25/10/2018;0.951175;0.640212;;
25/10/2018;0.951175;0.640237;;
25/10/2018;0.951175;0.64044;;
25/10/2018;0.951175;0.640099;;
25/10/2018;0.951175;0.640311;;
25/10/2018;0.951175;0.640846;;
25/10/2018;0.951175;0.639999;;
25/10/2018;0.951175;0.640475;;
25/10/2018;0.951175;0.640061;;
25/10/2018;0.951175;0.639896;;
25/10/2018;0.951175;0.639662;;
25/10/2018;0.951175;0.64013;;
25/10/2018;0.951174;0.6389;;
25/10/2018;0.951174;0.639686;;
25/10/2018;0.951174;0.639124;;
25/10/2018;0.951174;0.63934;;
25/10/2018;0.951174;0.638902;;
25/10/2018;0.951174;0.639383;;
25/10/2018;0.951174;0.639409;;
25/10/2018;0.951174;0.639446;;
25/10/2018;0.951174;0.63872;;
25/10/2018;0.951174;0.639148;;
25/10/2018;0.951174;0.639058;;
25/10/2018;0.951174;0.638972;;
25/10/2018;0.951174;0.638675;;
25/10/2018;0.951174;0.638445;;
25/10/2018;0.951174;0.63809;;
25/10/2018;0.951174;0.637833;;
25/10/2018;0.951174;0.637681;;
25/10/2018;0.951174;0.63716;;
25/10/2018;0.951174;0.636586;;
25/10/2018;0.951174;0.635984;;
25/10/2018;0.951174;0.636866;;
25/10/2018;0.951174;0.636936;;
26/10/2018;0.951174;0.636841;;
26/10/2018;0.951174;0.637452;;
26/10/2018;0.951174;0.637191;;
26/10/2018;0.951174;0.63659;;
26/10/2018;0.951174;0.636002;;
26/10/2018;0.951174;0.637926;;
26/10/2018;0.951174;0.63724;;
26/10/2018;0.951174;0.636856;;
26/10/2018;0.951174;0.63693;;
26/10/2018;0.951174;0.638064;;
26/10/2018;0.951174;0.637312;;
26/10/2018;0.951174;0.637432;;
26/10/2018;0.951174;0.636955;;
26/10/2018;0.951174;0.636381;;
26/10/2018;0.951174;0.637287;;
26/10/2018;0.951174;0.637016;;
26/10/2018;0.951174;0.636664;;
26/10/2018;0.951174;0.636291;;
26/10/2018;0.951174;0.636701;;
26/10/2018;0.951174;0.636193;;
26/10/2018;0.951174;0.635463;;
26/10/2018;0.951174;0.63535;;
26/10/2018;0.951174;0.635892;;
26/10/2018;0.951174;0.635132;;
26/10/2018;0.951174;0.633748;;
26/10/2018;0.951174;0.633133;;
26/10/2018;0.951174;0.633654;;
26/10/2018;0.951174;0.633501;;
26/10/2018;0.951174;0.633342;;
26/10/2018;0.951174;0.632705;;
26/10/2018;0.951174;0.632026;;
26/10/2018;0.951174;0.631715;;
26/10/2018;0.951174;0.632798;;
26/10/2018;0.951174;0.631063;;
26/10/2018;0.951174;0.630618;;
26/10/2018;0.951174;0.633845;;
26/10/2018;0.951174;0.632397;;
26/10/2018;0.951174;0.631724;;
26/10/2018;0.951174;0.632228;;
26/10/2018;0.951174;0.63178;;
26/10/2018;0.951174;0.63257;;
26/10/2018;0.951174;0.632634;;
26/10/2018;0.951174;0.631866;;
26/10/2018;0.951174;0.631757;;
26/10/2018;0.951174;0.630994;;
26/10/2018;0.951174;0.630823;;
26/10/2018;0.951174;0.628981;;
26/10/2018;0.951174;0.631586;;
27/10/2018;0.951174;0.629237;;
27/10/2018;0.951174;0.632657;;
27/10/2018;0.951174;0.631669;;
27/10/2018;0.951174;0.631948;;
27/10/2018;0.951174;0.63202;;
27/10/2018;0.951174;0.63249;;
27/10/2018;0.951174;0.632446;;
27/10/2018;0.951174;0.632688;;
27/10/2018;0.951174;0.632627;;
27/10/2018;0.951174;0.632924;;
27/10/2018;0.951174;0.632788;;
27/10/2018;0.951174;0.632395;;
27/10/2018;0.951174;0.632204;;
27/10/2018;0.951174;0.63215;;
27/10/2018;0.951174;0.632251;;
27/10/2018;0.951174;0.631899;;
27/10/2018;0.951174;0.632312;;
27/10/2018;0.951174;0.633721;;
27/10/2018;0.951174;0.634241;;
27/10/2018;0.951174;0.63434;;
27/10/2018;0.951174;0.634347;;
27/10/2018;0.951174;0.634104;;
27/10/2018;0.951174;0.63412;;
27/10/2018;0.951174;0.634115;;
27/10/2018;0.951174;0.633526;;
27/10/2018;0.951174;0.633032;;
27/10/2018;0.951174;0.632939;;
27/10/2018;0.951174;0.632485;;
27/10/2018;0.951174;0.632587;;
27/10/2018;0.951174;0.632587;;
27/10/2018;0.951174;0.632457;;
27/10/2018;0.951174;0.632675;;
27/10/2018;0.951174;0.631897;;
27/10/2018;0.951174;0.631913;;
27/10/2018;0.951174;0.631073;;
27/10/2018;0.951174;0.630671;;
27/10/2018;0.951174;0.629635;;
27/10/2018;0.951174;0.628986;;
27/10/2018;0.951174;0.629417;;
27/10/2018;0.951174;0.628067;;
27/10/2018;0.951174;0.628516;;
27/10/2018;0.951174;0.629157;;
27/10/2018;0.951174;0.629514;;
27/10/2018;0.951174;0.629533;;
27/10/2018;0.951174;0.630882;;
27/10/2018;0.951174;0.630425;;
27/10/2018;0.951174;0.628721;;
27/10/2018;0.951174;0.629851;;
28/10/2018;0.951174;0.62986;;
28/10/2018;0.951174;0.630134;;
28/10/2018;0.951174;0.629603;;
28/10/2018;0.951174;0.62932;;
28/10/2018;0.951174;0.629985;;
28/10/2018;0.951174;0.628952;;
28/10/2018;0.951174;0.629154;;
28/10/2018;0.951174;0.628366;;
28/10/2018;0.951174;0.627998;;
28/10/2018;0.951174;0.627121;;
28/10/2018;0.951174;0.627281;;
28/10/2018;0.951174;0.628312;;
28/10/2018;0.951174;0.627304;;
28/10/2018;0.951174;0.627649;;
28/10/2018;0.951174;0.627736;;
28/10/2018;0.951174;0.627583;;
28/10/2018;0.951174;0.626967;;
28/10/2018;0.951174;0.626266;;
28/10/2018;0.951174;0.627101;;
28/10/2018;0.951174;0.626772;;
28/10/2018;0.951174;0.62588;;
28/10/2018;0.951174;0.626175;;
28/10/2018;0.951174;0.626022;;
28/10/2018;0.951174;0.625342;;
28/10/2018;0.951174;0.626268;;
28/10/2018;0.951174;0.626411;;
28/10/2018;0.951174;0.626254;;
28/10/2018;0.951174;0.62622;;
28/10/2018;0.951174;0.62618;;
28/10/2018;0.951174;0.626375;;
28/10/2018;0.951174;0.626972;;
28/10/2018;0.951174;0.62717;;
28/10/2018;0.951174;0.626226;;
28/10/2018;0.951174;0.626177;;
28/10/2018;0.951174;0.626516;;
28/10/2018;0.951174;0.626603;;
28/10/2018;0.951174;0.626739;;
28/10/2018;0.951174;0.626639;;
28/10/2018;0.951174;0.62623;;
28/10/2018;0.951174;0.626113;;
28/10/2018;0.951174;0.625737;;
28/10/2018;0.951174;0.62709;;
28/10/2018;0.951174;0.626162;;
28/10/2018;0.951174;0.625581;;
28/10/2018;0.951174;0.62504;;
28/10/2018;0.951174;0.62517;;
28/10/2018;0.951174;0.625018;;
28/10/2018;0.951174;0.62578;;
29/10/2018;0.951174;0.625188;;
29/10/2018;0.951174;0.626079;;
29/10/2018;0.951174;0.626192;;
29/10/2018;0.951174;0.625668;;
29/10/2018;0.951174;0.626085;;
29/10/2018;0.951174;0.62573;;
29/10/2018;0.951174;0.625935;;
29/10/2018;0.951174;0.625791;;
29/10/2018;0.951174;0.626559;;
29/10/2018;0.951174;0.627509;;
29/10/2018;0.951174;0.627415;;
29/10/2018;0.951174;0.626993;;
29/10/2018;0.951174;0.625803;;
29/10/2018;0.951174;0.62696;;
29/10/2018;0.951174;0.626752;;
29/10/2018;0.951174;0.626305;;
29/10/2018;0.951174;0.626464;;
29/10/2018;0.951174;0.627108;;
29/10/2018;0.951174;0.627378;;
29/10/2018;0.951174;0.626611;;
29/10/2018;0.951174;0.625507;;
29/10/2018;0.951174;0.625685;;
29/10/2018;0.951174;0.626233;;
29/10/2018;0.951174;0.625047;;
29/10/2018;0.951174;0.625198;;
29/10/2018;0.951174;0.625071;;
29/10/2018;0.951174;0.625759;;
29/10/2018;0.951174;0.62499;;
29/10/2018;0.951174;0.625479;;
29/10/2018;0.951174;0.625235;;
29/10/2018;0.951174;0.624952;;
29/10/2018;0.951174;0.624529;;
29/10/2018;0.951174;0.623886;;
29/10/2018;0.951174;0.623613;;
29/10/2018;0.951174;0.624435;;
29/10/2018;0.951174;0.62339;;
29/10/2018;0.951174;0.622638;;
29/10/2018;0.951174;0.623773;;
29/10/2018;0.951174;0.623061;;
29/10/2018;0.951174;0.623686;;
29/10/2018;0.951174;0.622294;;
29/10/2018;0.951174;0.621154;;
29/10/2018;0.951174;0.614804;;
29/10/2018;0.951174;0.610811;;
29/10/2018;0.951174;0.612489;;
29/10/2018;0.951174;0.612271;;
29/10/2018;0.951174;0.612743;;
29/10/2018;0.951174;0.614394;;
30/10/2018;0.951174;0.614311;;
30/10/2018;0.951174;0.613547;;
30/10/2018;0.951174;0.613842;;
30/10/2018;0.951174;0.612771;;
30/10/2018;0.951174;0.61306;;
30/10/2018;0.951174;0.612926;;
30/10/2018;0.951174;0.612593;;
30/10/2018;0.951174;0.612103;;
30/10/2018;0.951174;0.61084;;
30/10/2018;0.951174;0.610668;;
30/10/2018;0.951174;0.610727;;
30/10/2018;0.951174;0.610732;;
30/10/2018;0.951174;0.611541;;
30/10/2018;0.951174;0.611981;;
30/10/2018;0.951174;0.612128;;
30/10/2018;0.951174;0.612724;;
30/10/2018;0.951174;0.613549;;
30/10/2018;0.951174;0.611647;;
30/10/2018;0.951174;0.611722;;
30/10/2018;0.951174;0.613412;;
30/10/2018;0.951174;0.612938;;
30/10/2018;0.951174;0.613798;;
30/10/2018;0.951174;0.612147;;
30/10/2018;0.951174;0.612704;;
30/10/2018;0.951174;0.613124;;
30/10/2018;0.951174;0.612461;;
30/10/2018;0.951174;0.612713;;
30/10/2018;0.951174;0.614052;;
30/10/2018;0.951174;0.612601;;
30/10/2018;0.951174;0.613304;;
30/10/2018;0.951174;0.612852;;
30/10/2018;0.951174;0.613251;;
30/10/2018;0.951174;0.613053;;
30/10/2018;0.951174;0.612931;;
30/10/2018;0.951174;0.612162;;
30/10/2018;0.951174;0.613249;;
30/10/2018;0.951174;0.61249;;
30/10/2018;0.951174;0.612041;;
30/10/2018;0.951174;0.611429;;
30/10/2018;0.951174;0.611726;;
30/10/2018;0.951174;0.61117;;
30/10/2018;0.951174;0.61167;;
30/10/2018;0.951174;0.61137;;
30/10/2018;0.951174;0.612502;;
30/10/2018;0.951174;0.61262;;
30/10/2018;0.951174;0.612763;;
30/10/2018;0.951174;0.611885;;
30/10/2018;0.951174;0.612084;;
31/10/2018;0.951174;0.612389;;
31/10/2018;0.951174;0.612172;;
31/10/2018;0.951174;0.611546;;
31/10/2018;0.951174;0.611412;;
31/10/2018;0.951174;0.610864;;
31/10/2018;0.951174;0.610806;;
31/10/2018;0.951174;0.6109;;
31/10/2018;0.951174;0.610979;;
31/10/2018;0.951174;0.610826;;
31/10/2018;0.951174;0.610258;;
31/10/2018;0.951174;0.611055;;
31/10/2018;0.951174;0.611153;;
31/10/2018;0.951174;0.610296;;
31/10/2018;0.951174;0.610042;;
31/10/2018;0.951174;0.610218;;
31/10/2018;0.951174;0.611791;;
31/10/2018;0.951174;0.612123;;
31/10/2018;0.951174;0.61126;;
31/10/2018;0.951174;0.6105;;
31/10/2018;0.951174;0.61063;;
31/10/2018;0.951174;0.610312;;
31/10/2018;0.951174;0.610941;;
31/10/2018;0.951174;0.611042;;
31/10/2018;0.951174;0.612329;;
31/10/2018;0.951174;0.612056;;
31/10/2018;0.951174;0.61177;;
31/10/2018;0.951174;0.611495;;
31/10/2018;0.951174;0.611235;;
31/10/2018;0.951174;0.610668;;
31/10/2018;0.951174;0.609468;;
31/10/2018;0.951174;0.610005;;
31/10/2018;0.951174;0.60988;;
31/10/2018;0.951174;0.60861;;
31/10/2018;0.951174;0.608259;;
31/10/2018;0.951174;0.608967;;
31/10/2018;0.951174;0.608894;;
31/10/2018;0.951174;0.608162;;
31/10/2018;0.951174;0.609385;;
31/10/2018;0.951174;0.609458;;
31/10/2018;0.951174;0.609199;;
31/10/2018;0.951174;0.609013;;
31/10/2018;0.951174;0.609218;;
31/10/2018;0.951174;0.609188;;
31/10/2018;0.951174;0.609076;;
31/10/2018;0.951174;0.608102;;
31/10/2018;0.951174;0.60826;;
31/10/2018;0.951174;0.607892;;
31/10/2018;0.951174;0.606382;;
01/11/2018;0.951174;0.606257;;
01/11/2018;0.951174;0.611143;;
01/11/2018;0.951174;0.609957;;
01/11/2018;0.951174;0.610094;;
01/11/2018;0.951174;0.610592;;
01/11/2018;0.951174;0.608793;;
01/11/2018;0.951174;0.60926;;
01/11/2018;0.951174;0.60854;;
01/11/2018;0.951174;0.608747;;
01/11/2018;0.951174;0.606864;;
01/11/2018;0.951174;0.609649;;
01/11/2018;0.951174;0.609469;;
01/11/2018;0.951174;0.609148;;
01/11/2018;0.951174;0.609612;;
01/11/2018;0.951174;0.609357;;
