date;40Drawdown
04/05/2017;0
04/05/2017;0
04/05/2017;0
04/05/2017;0
04/05/2017;0
04/05/2017;0
04/05/2017;0.003794041
04/05/2017;0
04/05/2017;0
04/05/2017;0.000833938
04/05/2017;0
04/05/2017;0.006304754
04/05/2017;0
04/05/2017;0.009036052
04/05/2017;0.025645522
04/05/2017;0.03578228
04/05/2017;0.01676245
04/05/2017;0.018491865
04/05/2017;5.31697E-05
04/05/2017;0
04/05/2017;0
04/05/2017;0.013924984
04/05/2017;0.006788533
04/05/2017;0.010190602
04/05/2017;0.007426536
04/05/2017;0.006654506
04/05/2017;0.020081022
04/05/2017;0.000923498
04/05/2017;0.004071284
04/05/2017;0.00967561
04/05/2017;0
04/05/2017;0.006799578
04/05/2017;0.007501907
04/05/2017;0.012851898
04/05/2017;0.025569015
04/05/2017;0.010617463
04/05/2017;0.003647346
04/05/2017;0
04/05/2017;0
04/05/2017;0
04/05/2017;0.003883723
04/05/2017;0.001907201
04/05/2017;0
04/05/2017;0
04/05/2017;0
04/05/2017;0
04/05/2017;0.003878217
04/05/2017;0
05/05/2017;0.010747008
05/05/2017;0.014539625
05/05/2017;0.006797102
05/05/2017;0.00220542
05/05/2017;0
05/05/2017;0.010461357
05/05/2017;0.007644613
05/05/2017;0.004823695
05/05/2017;0.008517019
05/05/2017;0.003707516
05/05/2017;0.007074418
05/05/2017;0.011344615
05/05/2017;0
05/05/2017;0
05/05/2017;0
05/05/2017;0
05/05/2017;0
05/05/2017;0.000599591
05/05/2017;0.007290466
05/05/2017;0.003556897
05/05/2017;0.002713404
05/05/2017;0
05/05/2017;0
05/05/2017;0.002897088
05/05/2017;0
05/05/2017;0.000746984
05/05/2017;0
05/05/2017;0
05/05/2017;0
05/05/2017;0
05/05/2017;0.009296716
05/05/2017;0.047649763
05/05/2017;0.05965547
05/05/2017;0.058383206
05/05/2017;0.065606707
05/05/2017;0.078635494
05/05/2017;0.056926545
05/05/2017;0.069314572
05/05/2017;0.062664907
05/05/2017;0.04575525
05/05/2017;0.041744092
05/05/2017;0.03753501
05/05/2017;0.022373204
05/05/2017;0.023572137
05/05/2017;0.010549046
05/05/2017;0.018198297
05/05/2017;0.01253113
05/05/2017;0.018325737
06/05/2017;0.023066649
06/05/2017;0.013331368
06/05/2017;0.010712796
06/05/2017;0
06/05/2017;0
06/05/2017;0.005950352
06/05/2017;0.005495679
06/05/2017;0.003592132
06/05/2017;0.014275188
06/05/2017;0.006666657
06/05/2017;0
06/05/2017;0.026992066
06/05/2017;0.039833556
06/05/2017;0.030501805
06/05/2017;0.042415701
06/05/2017;0.030718691
06/05/2017;0.020099753
06/05/2017;0.01052639
06/05/2017;0.007078114
06/05/2017;0.012647917
06/05/2017;0.026224134
06/05/2017;0.027438555
06/05/2017;0.029426559
06/05/2017;0.026941907
06/05/2017;0.025291595
06/05/2017;0.022599241
06/05/2017;0.036378215
06/05/2017;0.033595433
06/05/2017;0.040867827
06/05/2017;0.020407068
06/05/2017;0.028084268
06/05/2017;0.01534451
06/05/2017;0.007358583
06/05/2017;0.002905001
06/05/2017;0.011008202
06/05/2017;0.025366481
06/05/2017;0.015598132
06/05/2017;0.015889904
06/05/2017;0.01763347
06/05/2017;0.012626723
06/05/2017;0.029699963
06/05/2017;0.022838028
06/05/2017;0.009075303
06/05/2017;0.005913853
06/05/2017;0.005715335
06/05/2017;0.008672615
06/05/2017;0
06/05/2017;0
07/05/2017;0.003286404
07/05/2017;0.00055403
07/05/2017;0.012541919
07/05/2017;0.011297451
07/05/2017;0.006755386
07/05/2017;0
07/05/2017;0
07/05/2017;0.004368041
07/05/2017;0.001824951
07/05/2017;0.001741365
07/05/2017;0.000769684
07/05/2017;0
07/05/2017;0
07/05/2017;0
07/05/2017;0
07/05/2017;0.0016084
07/05/2017;0
07/05/2017;0
07/05/2017;0.00123646
07/05/2017;0.008950356
07/05/2017;0
07/05/2017;0
07/05/2017;0
07/05/2017;0
07/05/2017;0
07/05/2017;0.0005082
07/05/2017;0
07/05/2017;0.002847878
07/05/2017;0.00929374
07/05/2017;0
07/05/2017;0
07/05/2017;0
07/05/2017;0.009075967
07/05/2017;0.019902246
07/05/2017;0.012047427
07/05/2017;0.011866105
07/05/2017;0
07/05/2017;0.006731971
07/05/2017;0.0074272
07/05/2017;0.005753387
07/05/2017;0.007813982
07/05/2017;0.023754065
07/05/2017;0.040658044
07/05/2017;0.088640472
07/05/2017;0
07/05/2017;0
07/05/2017;0.021937624
07/05/2017;0.040178372
08/05/2017;0.072835731
08/05/2017;0.054001672
08/05/2017;0.000370318
08/05/2017;0
08/05/2017;0.019935215
08/05/2017;0.03331442
08/05/2017;0.010964283
08/05/2017;0.015884708
08/05/2017;0.039272253
08/05/2017;0.085707808
08/05/2017;0.065157326
08/05/2017;0.024071745
08/05/2017;0.009382819
08/05/2017;0.002700907
08/05/2017;0.020827921
08/05/2017;0.014899142
08/05/2017;0
08/05/2017;0.009789093
08/05/2017;0.001136244
08/05/2017;0
08/05/2017;0.006082571
08/05/2017;0.006669357
08/05/2017;0.017274793
08/05/2017;0.00429186
08/05/2017;0.022823972
08/05/2017;0.014810177
08/05/2017;0
08/05/2017;0
08/05/2017;0.013157772
08/05/2017;0
08/05/2017;0
08/05/2017;0
08/05/2017;0
08/05/2017;0.000103632
08/05/2017;0
08/05/2017;0.094891784
08/05/2017;0.027884662
08/05/2017;0.063426554
08/05/2017;0.370369667
08/05/2017;0.238015066
08/05/2017;0.189464329
08/05/2017;0.16462817
08/05/2017;0.146168288
08/05/2017;0.162692755
08/05/2017;0.171592965
08/05/2017;0.186199003
08/05/2017;0.170160139
08/05/2017;0.174815826
09/05/2017;0.182578468
09/05/2017;0.189363411
09/05/2017;0.229349663
09/05/2017;0.166556091
09/05/2017;0.171238256
09/05/2017;0.172176987
09/05/2017;0.044361168
09/05/2017;0.043535844
09/05/2017;0.071228664
09/05/2017;0.06400508
09/05/2017;0.085809222
09/05/2017;0.130411693
09/05/2017;0.191629555
09/05/2017;0.290765363
09/05/2017;0.014804375
09/05/2017;0.042054058
09/05/2017;0.015979912
09/05/2017;0.086736463
09/05/2017;0
09/05/2017;0
09/05/2017;0
09/05/2017;0.018100337
09/05/2017;0
09/05/2017;0
09/05/2017;0
09/05/2017;0.030497614
09/05/2017;0.026591119
09/05/2017;0.026213946
09/05/2017;0.023878016
09/05/2017;0.014130002
09/05/2017;0.019505352
09/05/2017;0.016045532
09/05/2017;0.021775595
09/05/2017;0.046165125
09/05/2017;0.049491452
09/05/2017;0.06329556
09/05/2017;0.048935864
09/05/2017;0.005420696
09/05/2017;0.000997601
09/05/2017;0
09/05/2017;0
09/05/2017;0
09/05/2017;0.033034015
09/05/2017;0.009095185
09/05/2017;0.020580385
09/05/2017;0.022660222
09/05/2017;0.036664354
09/05/2017;0.025683487
10/05/2017;0.039115702
10/05/2017;0
10/05/2017;0
10/05/2017;0
10/05/2017;0
10/05/2017;0
10/05/2017;0
10/05/2017;0.014287434
10/05/2017;0.018202786
10/05/2017;0.015326823
10/05/2017;0.000897874
10/05/2017;0
10/05/2017;0.015287514
10/05/2017;0.009328962
10/05/2017;0.021931111
10/05/2017;0.011140351
10/05/2017;0.01332305
10/05/2017;0.002366458
10/05/2017;0
10/05/2017;0.015427341
10/05/2017;0.012322511
10/05/2017;0.002385813
10/05/2017;0.018280326
10/05/2017;0.023678983
10/05/2017;0.122170873
10/05/2017;0.082244243
10/05/2017;0.088788779
10/05/2017;0.100232759
10/05/2017;0.054324196
10/05/2017;0.076285049
10/05/2017;0.081183804
10/05/2017;0.05849291
10/05/2017;0.025609338
10/05/2017;0.058979375
10/05/2017;0
10/05/2017;0.017875281
10/05/2017;0.028558297
10/05/2017;0.0275085
10/05/2017;0.042879364
10/05/2017;0.04933313
10/05/2017;0.025813059
10/05/2017;0.029498205
10/05/2017;0.030504915
10/05/2017;0.024297315
10/05/2017;0.026687834
10/05/2017;0.030101763
10/05/2017;0.004757656
10/05/2017;0.002239212
11/05/2017;0.003783012
11/05/2017;0.033990322
11/05/2017;0
11/05/2017;0.015643294
11/05/2017;0.027156034
11/05/2017;0.061761839
11/05/2017;0.044773499
11/05/2017;0.091805086
11/05/2017;0.121130754
11/05/2017;0.109385446
11/05/2017;0.085585404
11/05/2017;0.082605429
11/05/2017;0.10558221
11/05/2017;0.112010607
11/05/2017;0.112382648
11/05/2017;0.090315596
11/05/2017;0.089859406
11/05/2017;0.098155298
11/05/2017;0.091683502
11/05/2017;0.081622153
11/05/2017;0.059483873
11/05/2017;0.070979055
11/05/2017;0.073488263
11/05/2017;0.059339761
11/05/2017;0.056969364
11/05/2017;0.051798222
11/05/2017;0.049305909
11/05/2017;0.053562685
11/05/2017;0.073693665
11/05/2017;0.07724048
11/05/2017;0.092072108
11/05/2017;0.089338946
11/05/2017;0.096331202
11/05/2017;0.079986563
11/05/2017;0.074410913
11/05/2017;0.074092541
11/05/2017;0.066281661
11/05/2017;0.087272675
11/05/2017;0.079560521
11/05/2017;0.067693297
11/05/2017;0.052398855
11/05/2017;0.068408889
11/05/2017;0.067946405
11/05/2017;0.069710537
11/05/2017;0.076770377
11/05/2017;0.067892735
11/05/2017;0.06837576
11/05/2017;0.052283896
12/05/2017;0.048577729
12/05/2017;0.049297958
12/05/2017;0.044553189
12/05/2017;0.034391128
12/05/2017;0.011750277
12/05/2017;0.005573663
12/05/2017;0
12/05/2017;0
12/05/2017;0
12/05/2017;0
12/05/2017;0.036668498
12/05/2017;0.029594314
12/05/2017;0.023937004
12/05/2017;0.016638551
12/05/2017;0.025770603
12/05/2017;0.024472069
12/05/2017;0.053744453
12/05/2017;0.048223295
12/05/2017;0.051219277
12/05/2017;0.041506987
12/05/2017;0.047233647
12/05/2017;0.0502379
12/05/2017;0.032479276
12/05/2017;0.0309956
12/05/2017;0.028557586
12/05/2017;0.021858457
12/05/2017;0.021322756
12/05/2017;0.01771218
12/05/2017;0.018506189
12/05/2017;0
12/05/2017;0
12/05/2017;0.015365294
12/05/2017;0
12/05/2017;0
12/05/2017;0.004164171
12/05/2017;0
12/05/2017;0
12/05/2017;0.005574459
12/05/2017;0.010589243
12/05/2017;0
12/05/2017;0
12/05/2017;0.022847699
12/05/2017;0.015875076
12/05/2017;0.026479788
12/05/2017;0.025042828
12/05/2017;0.023130805
12/05/2017;0.017497655
12/05/2017;0.014848589
13/05/2017;0.01218564
13/05/2017;0.006815677
13/05/2017;0.02741754
13/05/2017;0.019417827
13/05/2017;0.028971908
13/05/2017;0.02522905
13/05/2017;0.015770647
13/05/2017;0.022616203
13/05/2017;0.027663824
13/05/2017;0.035077405
13/05/2017;0.028762747
13/05/2017;0.025024115
13/05/2017;0.015036019
13/05/2017;0.026322239
13/05/2017;0.020049836
13/05/2017;0.025087497
13/05/2017;0.029995376
13/05/2017;0.027632737
13/05/2017;0.032731667
13/05/2017;0.04084758
13/05/2017;0.038678105
13/05/2017;0.038330108
13/05/2017;0.048839446
13/05/2017;0.067253423
13/05/2017;0.009900267
13/05/2017;0
13/05/2017;0.003368634
13/05/2017;0
13/05/2017;0.033413209
13/05/2017;0
13/05/2017;0
13/05/2017;0
13/05/2017;0.01246371
13/05/2017;0.013275368
13/05/2017;0.013084853
13/05/2017;0.005248937
13/05/2017;0.002877857
13/05/2017;0.000257035
13/05/2017;0.000852504
13/05/2017;0.017916874
13/05/2017;0.023195862
13/05/2017;0.042946407
13/05/2017;0.036475023
13/05/2017;0.041329801
13/05/2017;0.030530837
13/05/2017;0.049587884
13/05/2017;0.043809706
13/05/2017;0.039352296
14/05/2017;0.0463961
14/05/2017;0.03838309
14/05/2017;0.021899601
14/05/2017;0.016736148
14/05/2017;0.023724811
14/05/2017;0.025132813
14/05/2017;0.025917339
14/05/2017;0.02631529
14/05/2017;0.031978809
14/05/2017;0.04046446
14/05/2017;0.028104906
14/05/2017;0.034886716
14/05/2017;0.038196368
14/05/2017;0.042571504
14/05/2017;0.044655499
14/05/2017;0.044080453
14/05/2017;0.041473052
14/05/2017;0.049088985
14/05/2017;0.050129378
14/05/2017;0.038042906
14/05/2017;0.033335171
14/05/2017;0.026412444
14/05/2017;0.024923918
14/05/2017;0.026451248
14/05/2017;0.031307485
14/05/2017;0.035419167
14/05/2017;0.033341882
14/05/2017;0.038733486
14/05/2017;0.037586603
14/05/2017;0.038123138
14/05/2017;0.033604752
14/05/2017;0.036687419
14/05/2017;0.040143239
14/05/2017;0.036144466
14/05/2017;0.036157011
14/05/2017;0.029762358
14/05/2017;0.035052724
14/05/2017;0.038205413
14/05/2017;0.028603221
14/05/2017;0.038507377
14/05/2017;0.043581263
14/05/2017;0.024319405
14/05/2017;0.028760477
14/05/2017;0.032670849
14/05/2017;0.026742709
14/05/2017;0.0304366
14/05/2017;0.030201447
14/05/2017;0.03442137
15/05/2017;0.029428592
15/05/2017;0.084336892
15/05/2017;0
15/05/2017;0
15/05/2017;0
15/05/2017;0
15/05/2017;0
15/05/2017;0.003113218
15/05/2017;0
15/05/2017;0
15/05/2017;0.005438325
15/05/2017;0.011458123
15/05/2017;0.010566414
15/05/2017;0
15/05/2017;0
15/05/2017;0
15/05/2017;0
15/05/2017;0
15/05/2017;0.010612647
15/05/2017;0.009472341
15/05/2017;0.013030777
15/05/2017;0.013406744
15/05/2017;0.008300074
15/05/2017;0
15/05/2017;0.010234007
15/05/2017;0.010227329
15/05/2017;0.015394413
15/05/2017;0.023522523
15/05/2017;0.016631617
15/05/2017;0.027796709
15/05/2017;0.044313766
15/05/2017;0.033896547
15/05/2017;0.035065725
15/05/2017;0.036124933
15/05/2017;0.042533812
15/05/2017;0.041141775
15/05/2017;0.027724509
15/05/2017;0.034758563
15/05/2017;0.040074846
15/05/2017;0.030997914
15/05/2017;0.044099879
15/05/2017;0.027425068
15/05/2017;0.03060624
15/05/2017;0.027362258
15/05/2017;0.024959633
15/05/2017;0.023008152
15/05/2017;0.034080177
15/05/2017;0.046192004
16/05/2017;0.026914661
16/05/2017;0
16/05/2017;0.00508948
16/05/2017;0.014407564
16/05/2017;0.019544095
16/05/2017;0
16/05/2017;0
16/05/2017;0.001113878
16/05/2017;0
16/05/2017;0
16/05/2017;0.005886489
16/05/2017;0.01253653
16/05/2017;0.020094692
16/05/2017;0
16/05/2017;0.017110811
16/05/2017;0.013697224
16/05/2017;0.013799684
16/05/2017;0.010529219
16/05/2017;0.021682859
16/05/2017;0.020356114
16/05/2017;0.046357388
16/05/2017;0.024894948
16/05/2017;0.010714009
16/05/2017;0.00956521
16/05/2017;0.021825981
16/05/2017;0.016290326
16/05/2017;0.018645898
16/05/2017;0.023540223
16/05/2017;0.028018467
16/05/2017;0.047303079
16/05/2017;0
16/05/2017;0
16/05/2017;0.018433494
16/05/2017;0.018361621
16/05/2017;0.007775242
16/05/2017;0.027731639
16/05/2017;0.010093836
16/05/2017;0.030333573
16/05/2017;0.020122025
16/05/2017;0.026169687
16/05/2017;0.013779705
16/05/2017;0.008999903
16/05/2017;0.017756081
16/05/2017;0.020165601
16/05/2017;0.023123879
16/05/2017;0.044834643
16/05/2017;0.055983929
16/05/2017;0.036155431
17/05/2017;0.036710037
17/05/2017;0.060130838
17/05/2017;0.095317217
17/05/2017;0.04381711
17/05/2017;0.051256947
17/05/2017;0.04845694
17/05/2017;0.057054659
17/05/2017;0.059532467
17/05/2017;0.059504737
17/05/2017;0.066238488
17/05/2017;0.084536725
17/05/2017;0.077871451
17/05/2017;0.088416329
17/05/2017;0.090487803
17/05/2017;0.096191571
17/05/2017;0.082445256
17/05/2017;0.095576599
17/05/2017;0.12262479
17/05/2017;0.080599397
17/05/2017;0
17/05/2017;0.017257863
17/05/2017;0.02636687
17/05/2017;0.091225932
17/05/2017;0.272074112
17/05/2017;0.118798842
17/05/2017;0.120756386
17/05/2017;0.116740248
17/05/2017;0.123397695
17/05/2017;0
17/05/2017;0.01145245
17/05/2017;0
17/05/2017;0.005215504
17/05/2017;0
17/05/2017;0
17/05/2017;0.001163978
17/05/2017;0
17/05/2017;0.001889531
17/05/2017;0
17/05/2017;0.020213712
17/05/2017;0.025056346
17/05/2017;0
17/05/2017;0
17/05/2017;0.005687446
17/05/2017;0.01973191
17/05/2017;0.022694263
17/05/2017;0.019852799
17/05/2017;0
17/05/2017;0
18/05/2017;0.009729949
18/05/2017;0.059867881
18/05/2017;0.03456871
18/05/2017;0
18/05/2017;0.006287245
18/05/2017;0
18/05/2017;0.001489616
18/05/2017;0.055222635
18/05/2017;0.066729973
18/05/2017;0.032047667
18/05/2017;0.109733692
18/05/2017;0.107769349
18/05/2017;0
18/05/2017;0.01103574
18/05/2017;0.013301977
18/05/2017;0.000565023
18/05/2017;0.00283955
18/05/2017;0
18/05/2017;0
18/05/2017;0.010411895
18/05/2017;0.012486832
18/05/2017;0.015717538
18/05/2017;0.01873254
18/05/2017;0.015362974
18/05/2017;0.001973152
18/05/2017;0
18/05/2017;0.017550659
18/05/2017;0.078352776
18/05/2017;0.068525775
18/05/2017;0.052575809
18/05/2017;0.042326929
18/05/2017;0.030802284
18/05/2017;0.027014978
18/05/2017;0.009317247
18/05/2017;0.013802291
18/05/2017;0.01273582
18/05/2017;0.010189025
18/05/2017;0.002879353
18/05/2017;0.001749343
18/05/2017;0.004957701
18/05/2017;0
18/05/2017;0.009618175
18/05/2017;0.011439097
18/05/2017;0.017966722
18/05/2017;0.012196079
18/05/2017;0.015934872
18/05/2017;0.000630163
18/05/2017;0.004418216
19/05/2017;0.016646655
19/05/2017;0
19/05/2017;0.007499768
19/05/2017;0
19/05/2017;0.015905742
19/05/2017;0.021161563
19/05/2017;0.003138523
19/05/2017;0.012560436
19/05/2017;0
19/05/2017;0
19/05/2017;0.002755943
19/05/2017;0
19/05/2017;0.001663857
19/05/2017;0.007906881
19/05/2017;0.037150524
19/05/2017;0.012559669
19/05/2017;0.01940308
19/05/2017;0.009836514
19/05/2017;0.019038283
19/05/2017;0.012548994
19/05/2017;0.022995466
19/05/2017;0.007388337
19/05/2017;0
19/05/2017;0.002274703
19/05/2017;0.008977701
19/05/2017;0.002827387
19/05/2017;0.038462091
19/05/2017;0.024635736
19/05/2017;0
19/05/2017;0.025685454
19/05/2017;0.049053718
19/05/2017;0.037604983
19/05/2017;0.04165799
19/05/2017;0.086141208
19/05/2017;0.048599528
19/05/2017;0.020673678
19/05/2017;0
19/05/2017;0.000848454
19/05/2017;0
19/05/2017;0.004072189
19/05/2017;0.010771716
19/05/2017;0.039741045
19/05/2017;0.155025691
19/05/2017;0.018662304
19/05/2017;0.011030767
19/05/2017;0
19/05/2017;0
19/05/2017;0.007703485
20/05/2017;0.019238711
20/05/2017;0.035731562
20/05/2017;0.044614902
20/05/2017;0.023133778
20/05/2017;0.024623274
20/05/2017;0.026974647
20/05/2017;0.032087204
20/05/2017;0.042199978
20/05/2017;0.024823053
20/05/2017;0.043274592
20/05/2017;0.046746214
20/05/2017;0.028817953
20/05/2017;0.018276099
20/05/2017;0.018962198
20/05/2017;0.012012757
20/05/2017;0.017172527
20/05/2017;0.014409314
20/05/2017;0.021069848
20/05/2017;0.014676926
20/05/2017;0.021673579
20/05/2017;0.025312528
20/05/2017;0.033055112
20/05/2017;0.034254348
20/05/2017;0.020437271
20/05/2017;0.014696644
20/05/2017;0.01529677
20/05/2017;0.022998902
20/05/2017;0.027198539
20/05/2017;0.019967289
20/05/2017;0.022705037
20/05/2017;0.017174668
20/05/2017;0.021250809
20/05/2017;0.004079522
20/05/2017;0.018744053
20/05/2017;0.015667594
20/05/2017;0.016288114
20/05/2017;0.012138619
20/05/2017;0.024293577
20/05/2017;0.027215441
20/05/2017;0.034535931
20/05/2017;0.037818591
20/05/2017;0.03569866
20/05/2017;0.035465641
20/05/2017;0.048583323
20/05/2017;0.045215478
20/05/2017;0.055646568
20/05/2017;0.068352073
20/05/2017;0.062046814
21/05/2017;0.061424492
21/05/2017;0.046853258
21/05/2017;0.032056668
21/05/2017;0.033217368
21/05/2017;0.025500363
21/05/2017;0.026593118
21/05/2017;0.028030669
21/05/2017;0.025394107
21/05/2017;0.019511956
21/05/2017;0.020834237
21/05/2017;0.022778278
21/05/2017;0.023159018
21/05/2017;0.014728983
21/05/2017;0.015315812
21/05/2017;0.01678097
21/05/2017;0.017708876
21/05/2017;0.020578119
21/05/2017;0.018826759
21/05/2017;0.022237083
21/05/2017;0.024367269
21/05/2017;0.022824701
21/05/2017;0.002623717
21/05/2017;0.015721567
21/05/2017;0
21/05/2017;0.025530662
21/05/2017;0.021992495
21/05/2017;0.026632862
21/05/2017;0.008521458
21/05/2017;0.008802434
21/05/2017;0
21/05/2017;0.013519145
21/05/2017;0.018023458
21/05/2017;0.021760661
21/05/2017;0.025021063
21/05/2017;0.02968126
21/05/2017;0.027781418
21/05/2017;0.042274361
21/05/2017;0.125119411
21/05/2017;0.069414996
21/05/2017;0.031125442
21/05/2017;0.001788135
21/05/2017;0
21/05/2017;0
21/05/2017;0
21/05/2017;0.001826416
21/05/2017;0
21/05/2017;0.008318337
21/05/2017;0
22/05/2017;0.000633802
22/05/2017;0.006884057
22/05/2017;0.03259409
22/05/2017;0.036131446
22/05/2017;0.046820681
22/05/2017;0.034015103
22/05/2017;0.056142817
22/05/2017;0.0597132
22/05/2017;0.052059013
22/05/2017;0.067053471
22/05/2017;0.063462715
22/05/2017;0.072192
22/05/2017;0.123982161
22/05/2017;0.116224261
22/05/2017;0.20264244
22/05/2017;0.208933645
22/05/2017;0.076300601
22/05/2017;0.074049472
22/05/2017;0.061772337
22/05/2017;0.058550853
22/05/2017;0.027129811
22/05/2017;0.028834903
22/05/2017;0.026163057
22/05/2017;0.011320053
22/05/2017;0.058045972
22/05/2017;0.061726654
22/05/2017;0.165183303
22/05/2017;0.039969857
22/05/2017;0.003232596
22/05/2017;0
22/05/2017;0.019301011
22/05/2017;0
22/05/2017;0.019105998
22/05/2017;0.019537203
22/05/2017;0
22/05/2017;0
22/05/2017;0
22/05/2017;0
22/05/2017;0.013508653
22/05/2017;0
22/05/2017;0
22/05/2017;0.000864278
22/05/2017;0.011985662
22/05/2017;0
22/05/2017;0.047080456
22/05/2017;0.014900969
22/05/2017;0.003753299
22/05/2017;0.02966966
23/05/2017;0.09283626
23/05/2017;0.025027277
23/05/2017;0.019105764
23/05/2017;0.013954316
23/05/2017;0
23/05/2017;0
23/05/2017;0.014410463
23/05/2017;0.000803114
23/05/2017;0.015763042
23/05/2017;0.02269982
23/05/2017;0.004017661
23/05/2017;0
23/05/2017;0.0063407
23/05/2017;0.009882601
23/05/2017;0
23/05/2017;0
23/05/2017;0
23/05/2017;0.003318661
23/05/2017;0.007169218
23/05/2017;0.024566856
23/05/2017;0.019672607
23/05/2017;0.026354877
23/05/2017;0.0439378
23/05/2017;0.043607506
23/05/2017;0.102004867
23/05/2017;0
23/05/2017;0.029110131
23/05/2017;0.030129295
23/05/2017;0.009315158
23/05/2017;0
23/05/2017;0
23/05/2017;0
23/05/2017;0.005653639
23/05/2017;0
23/05/2017;0.026123687
23/05/2017;0.06210413
23/05/2017;0.043682282
23/05/2017;0.029341153
23/05/2017;0.04615119
23/05/2017;0.044074788
23/05/2017;0.051226955
23/05/2017;0.061473891
23/05/2017;0.068165023
23/05/2017;0.067786948
23/05/2017;0.065835499
23/05/2017;0.074657269
23/05/2017;0.087736963
23/05/2017;0.099930561
24/05/2017;0.110092964
24/05/2017;0.09801153
24/05/2017;0.100461972
24/05/2017;0.105726295
24/05/2017;0.096244057
24/05/2017;0.101665615
24/05/2017;0.106630789
24/05/2017;0.106543793
24/05/2017;0.105128885
24/05/2017;0.052502479
24/05/2017;0.038523763
24/05/2017;0.039693825
24/05/2017;0.029613356
24/05/2017;0.03147993
24/05/2017;0.027843832
24/05/2017;0.021272524
24/05/2017;0.009000958
24/05/2017;0.013934056
24/05/2017;0.017622406
24/05/2017;0.009426908
24/05/2017;0.012068645
24/05/2017;0.024265389
24/05/2017;0.013428155
24/05/2017;0.027391756
24/05/2017;0.064884362
24/05/2017;0.004194251
24/05/2017;0.023983748
24/05/2017;0
24/05/2017;0
24/05/2017;0.001750516
24/05/2017;0.015895496
24/05/2017;0.026713787
24/05/2017;0.064008775
24/05/2017;0.080831323
24/05/2017;0.091865988
24/05/2017;0.063402081
24/05/2017;0.104238146
24/05/2017;0.149071466
24/05/2017;0.191287054
24/05/2017;0.121642235
24/05/2017;0.119032115
24/05/2017;0.1525537
24/05/2017;0.138253704
24/05/2017;0.057056353
24/05/2017;0.141606803
24/05/2017;0.113135351
24/05/2017;0.077959158
24/05/2017;0.115904591
25/05/2017;0.209658901
25/05/2017;0.224823002
25/05/2017;0.091600568
25/05/2017;0.07713245
25/05/2017;0.04636508
25/05/2017;0.081735009
25/05/2017;0.153039863
25/05/2017;0.105836691
25/05/2017;0.049656886
25/05/2017;0.018895606
25/05/2017;0.055680536
25/05/2017;0.03067027
25/05/2017;0
25/05/2017;0
25/05/2017;0
25/05/2017;0.021257592
25/05/2017;0.026599266
25/05/2017;0.031105162
25/05/2017;0.065468729
25/05/2017;0.085752868
25/05/2017;0.062242596
25/05/2017;0.075698367
25/05/2017;0.087236819
25/05/2017;0.11346386
25/05/2017;0.106013445
25/05/2017;0.114987717
25/05/2017;0.133156137
25/05/2017;0.133595649
25/05/2017;0.051552449
25/05/2017;0.093859151
25/05/2017;0.047499605
25/05/2017;0.035292281
25/05/2017;0
25/05/2017;0.025817521
25/05/2017;0
25/05/2017;0.015946254
25/05/2017;0
25/05/2017;0
25/05/2017;0.01058312
25/05/2017;0.004307874
25/05/2017;0
25/05/2017;0.000522913
25/05/2017;0
25/05/2017;0
25/05/2017;0.001825948
25/05/2017;0.049312519
25/05/2017;0.01740189
25/05/2017;0
26/05/2017;0
26/05/2017;0
26/05/2017;0.017510054
26/05/2017;0
26/05/2017;0
26/05/2017;0
26/05/2017;0.002271139
26/05/2017;0.01899671
26/05/2017;0.024275252
26/05/2017;0.047649455
26/05/2017;0.05130004
26/05/2017;0.046969678
26/05/2017;0.02760042
26/05/2017;0.046419316
26/05/2017;0.079863113
26/05/2017;0.117640506
26/05/2017;0.118042872
26/05/2017;0.085739236
26/05/2017;0.07577243
26/05/2017;0.083680188
26/05/2017;0.080552158
26/05/2017;0.071275447
26/05/2017;0.05992137
26/05/2017;0.06396785
26/05/2017;0.057545082
26/05/2017;0.051614832
26/05/2017;0.060279665
26/05/2017;0.063029988
26/05/2017;0.04395082
26/05/2017;0.049770062
26/05/2017;0.051289984
26/05/2017;0.05148122
26/05/2017;0.041821381
26/05/2017;0.066383619
26/05/2017;0.065324561
26/05/2017;0.106912253
26/05/2017;0.120659757
26/05/2017;0.078867801
26/05/2017;0.065649016
26/05/2017;0
26/05/2017;0.007466646
26/05/2017;0.007648293
26/05/2017;0
26/05/2017;0.002360383
26/05/2017;0.00968315
26/05/2017;0
26/05/2017;0
26/05/2017;0
27/05/2017;0.001676643
27/05/2017;0
27/05/2017;0
27/05/2017;0
27/05/2017;0.027114395
27/05/2017;0.053211468
27/05/2017;0.053498441
27/05/2017;0.133144815
27/05/2017;0.076223782
27/05/2017;0.143292725
27/05/2017;0
27/05/2017;0
27/05/2017;0.004981152
27/05/2017;0
27/05/2017;0.001660463
27/05/2017;0.03508588
27/05/2017;0.136492946
27/05/2017;0.229554338
27/05/2017;0.135227702
27/05/2017;0.145436069
27/05/2017;0.073390701
27/05/2017;0.079230864
27/05/2017;0.042939338
27/05/2017;0.102708269
27/05/2017;0.059432071
27/05/2017;0.065170383
27/05/2017;0.095407763
27/05/2017;0.072972212
27/05/2017;0.077599832
27/05/2017;0.142959018
27/05/2017;0.172475938
27/05/2017;0.110275591
27/05/2017;0.129366981
27/05/2017;0.155014375
27/05/2017;0.161384957
27/05/2017;0.144050559
27/05/2017;0.151101223
27/05/2017;0.16955984
27/05/2017;0.112285437
27/05/2017;0.133285423
27/05/2017;0.159160996
27/05/2017;0.172818992
27/05/2017;0.153984241
27/05/2017;0.149511574
27/05/2017;0.104642312
27/05/2017;0.103584622
27/05/2017;0.116938771
27/05/2017;0.096527763
28/05/2017;0.100459933
28/05/2017;0.089218117
28/05/2017;0.08093944
28/05/2017;0.074145179
28/05/2017;0.073198883
28/05/2017;0.051854068
28/05/2017;0.060285522
28/05/2017;0.043334825
28/05/2017;0.034837211
28/05/2017;0.005436775
28/05/2017;0.01418798
28/05/2017;0
28/05/2017;0.007116905
28/05/2017;0.033217918
28/05/2017;0.017332075
28/05/2017;0.03730374
28/05/2017;0.052664258
28/05/2017;0.065221435
28/05/2017;0.059364506
28/05/2017;0.039625702
28/05/2017;0.055889308
28/05/2017;0.049131019
28/05/2017;0.079851025
28/05/2017;0.065405164
28/05/2017;0.056259925
28/05/2017;0.076140041
28/05/2017;0.018807593
28/05/2017;0.048026949
28/05/2017;0.07641
28/05/2017;0.049670805
28/05/2017;0.050885538
28/05/2017;0.024302648
28/05/2017;0.025661153
28/05/2017;0.002243344
28/05/2017;0.002684966
28/05/2017;0.008628391
28/05/2017;0
28/05/2017;0
28/05/2017;0
28/05/2017;0
28/05/2017;0
28/05/2017;0
28/05/2017;0.001902826
28/05/2017;0
28/05/2017;0.013247815
28/05/2017;0.010714077
28/05/2017;0.027507858
28/05/2017;0.011403674
29/05/2017;0.020083606
29/05/2017;0.008144033
29/05/2017;0
29/05/2017;0.013269114
29/05/2017;0.016278797
29/05/2017;0.023869684
29/05/2017;0.033868536
29/05/2017;0.026865519
29/05/2017;0.022196363
29/05/2017;0.025189921
29/05/2017;0.019114385
29/05/2017;0.028555245
29/05/2017;0.034507836
29/05/2017;0.031455051
29/05/2017;0.03138968
29/05/2017;0.038124757
29/05/2017;0.04545728
29/05/2017;0.099438855
29/05/2017;0.053763349
29/05/2017;0.059023152
29/05/2017;0.052097046
29/05/2017;0.049379879
29/05/2017;0.046657192
29/05/2017;0.043668032
29/05/2017;0.048697227
29/05/2017;0.052731543
29/05/2017;0.042798997
29/05/2017;0.036012459
29/05/2017;0.029584775
29/05/2017;0.027665908
29/05/2017;0.027922401
29/05/2017;0.028519566
29/05/2017;0.027430373
29/05/2017;0.020143603
29/05/2017;0.03694281
29/05/2017;0.041086348
29/05/2017;0.025861252
29/05/2017;0.033157721
29/05/2017;0.03559285
29/05/2017;0.034127587
29/05/2017;0.038650563
29/05/2017;0.033767735
29/05/2017;0.033682404
29/05/2017;0.006437009
29/05/2017;0.014891348
29/05/2017;0.025155021
29/05/2017;0.017003927
29/05/2017;0.000845955
30/05/2017;0.0071477
30/05/2017;0
30/05/2017;0
30/05/2017;0.011452409
30/05/2017;0.020372792
30/05/2017;0.015795605
30/05/2017;0.019402985
30/05/2017;0.007172915
30/05/2017;0.022722819
30/05/2017;0.031782437
30/05/2017;0.009847059
30/05/2017;0.013228969
30/05/2017;0.008440231
30/05/2017;0.019762509
30/05/2017;0.030019672
30/05/2017;0.006278856
30/05/2017;0.029249308
30/05/2017;0.008777468
30/05/2017;0.002362503
30/05/2017;0
30/05/2017;0.003757492
30/05/2017;0
30/05/2017;0.010565875
30/05/2017;0.001682202
30/05/2017;0
30/05/2017;0
30/05/2017;0.010714826
30/05/2017;0.041328014
30/05/2017;0.021737424
30/05/2017;0.028461388
30/05/2017;0.029157141
30/05/2017;0.016151597
30/05/2017;0.018410464
30/05/2017;0.031047944
30/05/2017;0.020058303
30/05/2017;0.026159814
30/05/2017;0.027919714
30/05/2017;0.030386433
30/05/2017;0.059427326
30/05/2017;0.03480021
30/05/2017;0.051196326
30/05/2017;0.065933448
30/05/2017;0.075667
30/05/2017;0.068538008
30/05/2017;0.054333258
30/05/2017;0.090856074
30/05/2017;0.077314091
30/05/2017;0.075760578
31/05/2017;0.079662469
31/05/2017;0.079505816
31/05/2017;0.058195343
31/05/2017;0.069318487
31/05/2017;0.090059564
31/05/2017;0.094063617
31/05/2017;0.091744817
31/05/2017;0.114438902
31/05/2017;0.018914724
31/05/2017;0.031242159
31/05/2017;0
31/05/2017;0
31/05/2017;0
31/05/2017;0.008487158
31/05/2017;0
31/05/2017;0
31/05/2017;0
31/05/2017;0
31/05/2017;0.019599616
31/05/2017;0.01898597
31/05/2017;0.016292374
31/05/2017;0.024230526
31/05/2017;0.012490818
31/05/2017;0.003753915
31/05/2017;0.002504066
31/05/2017;0
31/05/2017;0
31/05/2017;0.007131892
31/05/2017;0.052392694
31/05/2017;0.053978309
31/05/2017;0.064996854
31/05/2017;0.047099553
31/05/2017;0.059257407
31/05/2017;0.071806358
31/05/2017;0.048290965
31/05/2017;0.057543686
31/05/2017;0.038887805
31/05/2017;0.035047786
31/05/2017;0.035386012
31/05/2017;0.032477062
31/05/2017;0.02917519
31/05/2017;0.011038343
31/05/2017;0.012910594
31/05/2017;0.009112764
31/05/2017;0.013744237
31/05/2017;0.014525152
31/05/2017;0
31/05/2017;0
01/06/2017;0.014778132
01/06/2017;0.015199026
01/06/2017;0.016743216
01/06/2017;0.011232627
01/06/2017;0.007626615
01/06/2017;0.002171616
01/06/2017;0.021026422
01/06/2017;0.042045722
01/06/2017;0.031347853
01/06/2017;0.030409497
01/06/2017;0.036689722
01/06/2017;0.033978119
01/06/2017;0.037763448
01/06/2017;0.059457032
01/06/2017;0.069283977
01/06/2017;0.069371473
01/06/2017;0.068032544
01/06/2017;0.065706622
01/06/2017;0.077329479
01/06/2017;0.065581962
01/06/2017;0.021830791
01/06/2017;0.035638322
01/06/2017;0.037769977
01/06/2017;0.040772895
01/06/2017;0.0237194
01/06/2017;0.020061755
01/06/2017;0.014594463
01/06/2017;0.0440946
01/06/2017;0.035177354
01/06/2017;0.019122976
01/06/2017;0.037694604
01/06/2017;0.043108285
01/06/2017;0.038902995
01/06/2017;0.029867533
01/06/2017;0.029285974
01/06/2017;0.038870212
01/06/2017;0.029203734
01/06/2017;0.04383358
01/06/2017;0.043961123
01/06/2017;0.048966825
01/06/2017;0.037588568
01/06/2017;0.038347861
01/06/2017;0.038941063
01/06/2017;0.031796499
01/06/2017;0.033308641
01/06/2017;0.041745617
01/06/2017;0.032695656
01/06/2017;0.033219674
02/06/2017;0.012652581
02/06/2017;0.019186874
02/06/2017;0.029714837
02/06/2017;0.015922455
02/06/2017;0.01510014
02/06/2017;0.029160382
02/06/2017;0.038247562
02/06/2017;0.032613981
02/06/2017;0.028917392
02/06/2017;0.036018745
02/06/2017;0.026473395
02/06/2017;0.034491681
02/06/2017;0.044251026
02/06/2017;0.055739247
02/06/2017;0.043240887
02/06/2017;0.043498176
02/06/2017;0.074519782
02/06/2017;0.08742239
02/06/2017;0.044535361
02/06/2017;0.054006216
02/06/2017;0.049325403
02/06/2017;0.059134402
02/06/2017;0.063954034
02/06/2017;0.070712042
02/06/2017;0.068854237
02/06/2017;0.063045126
02/06/2017;0.083827965
02/06/2017;0.066297704
02/06/2017;0.056509901
02/06/2017;0.067283962
02/06/2017;0.069511197
02/06/2017;0.075546765
02/06/2017;0.063372645
02/06/2017;0.067874508
02/06/2017;0.07338292
02/06/2017;0.074391194
02/06/2017;0.064638519
02/06/2017;0.06723507
02/06/2017;0.077445095
02/06/2017;0.079647573
02/06/2017;0.087630901
02/06/2017;0.089239922
02/06/2017;0.083853824
02/06/2017;0.093673732
02/06/2017;0.101369728
02/06/2017;0.109276921
02/06/2017;0.108300582
02/06/2017;0.100934422
03/06/2017;0.087711784
03/06/2017;0.086759581
03/06/2017;0.095442231
03/06/2017;0.095000509
03/06/2017;0.096901977
03/06/2017;0.089904936
03/06/2017;0.08696275
03/06/2017;0.082714023
03/06/2017;0.081971348
03/06/2017;0.090453372
03/06/2017;0.090362173
03/06/2017;0.092235323
03/06/2017;0.099038578
03/06/2017;0.105047467
03/06/2017;0.111192208
03/06/2017;0.113370607
03/06/2017;0.126767418
03/06/2017;0.147814895
03/06/2017;0.163429529
03/06/2017;0.15299138
03/06/2017;0.110413246
03/06/2017;0.120350324
03/06/2017;0.108938719
03/06/2017;0.105681083
03/06/2017;0.090277248
03/06/2017;0.094298445
03/06/2017;0.091404784
03/06/2017;0.089736047
03/06/2017;0.094102736
03/06/2017;0.108186379
03/06/2017;0.105250948
03/06/2017;0.127685963
03/06/2017;0.122763602
03/06/2017;0.120649384
03/06/2017;0.123463038
03/06/2017;0.102759556
03/06/2017;0.121133356
03/06/2017;0.097110827
03/06/2017;0.095084501
03/06/2017;0.100049819
03/06/2017;0.089928251
03/06/2017;0.085952866
03/06/2017;0.098755146
03/06/2017;0.114548617
03/06/2017;0.103393821
03/06/2017;0.072250015
03/06/2017;0.053429122
03/06/2017;0.054814881
04/06/2017;0.044109437
04/06/2017;0.03608725
04/06/2017;0.033852103
04/06/2017;0.039462029
04/06/2017;0.036047572
04/06/2017;0.029445678
04/06/2017;0.043386008
04/06/2017;0.064630549
04/06/2017;0.06672213
04/06/2017;0.050349757
04/06/2017;0.062983799
04/06/2017;0.064191116
04/06/2017;0.053603833
04/06/2017;0.074448366
04/06/2017;0.08189719
04/06/2017;0.077452443
04/06/2017;0.06781157
04/06/2017;0.061356776
04/06/2017;0.061397048
04/06/2017;0.056582871
04/06/2017;0.065379979
04/06/2017;0.066705626
04/06/2017;0.062733264
04/06/2017;0.058331022
04/06/2017;0.057218069
04/06/2017;0.061457809
04/06/2017;0.052579309
04/06/2017;0.046929845
04/06/2017;0.047939645
04/06/2017;0.055829654
04/06/2017;0.057202017
04/06/2017;0.053978265
04/06/2017;0.049817628
04/06/2017;0.05553896
04/06/2017;0.052608333
04/06/2017;0.052419775
04/06/2017;0.055528362
04/06/2017;0.051517113
04/06/2017;0.052760294
04/06/2017;0.040495003
04/06/2017;0.039105091
04/06/2017;0.037110898
04/06/2017;0.034252846
04/06/2017;0.038488008
04/06/2017;0.04491912
04/06/2017;0.037527326
04/06/2017;0.033595859
04/06/2017;0.042671085
05/06/2017;0.05836844
05/06/2017;0.049027813
05/06/2017;0.056301955
05/06/2017;0.054336928
05/06/2017;0.057773966
05/06/2017;0.063831945
05/06/2017;0.069018209
05/06/2017;0.070509353
05/06/2017;0.068294638
05/06/2017;0.058966333
05/06/2017;0.060971689
05/06/2017;0.070962521
05/06/2017;0.065950402
05/06/2017;0.071424195
05/06/2017;0.068235685
05/06/2017;0.071091561
05/06/2017;0.060834594
05/06/2017;0.055196209
05/06/2017;0.057404169
05/06/2017;0.069103868
05/06/2017;0.056049865
05/06/2017;0.055024776
05/06/2017;0.055997441
05/06/2017;0.068756115
05/06/2017;0.071610521
05/06/2017;0.074535128
05/06/2017;0.060610455
05/06/2017;0.069418472
05/06/2017;0.077056476
05/06/2017;0.080214859
05/06/2017;0.07422369
05/06/2017;0.073804661
05/06/2017;0.064710952
05/06/2017;0.074985893
05/06/2017;0.063805097
05/06/2017;0.067552811
05/06/2017;0.060941506
05/06/2017;0.064385469
05/06/2017;0.063466726
05/06/2017;0.06993404
05/06/2017;0.08713308
05/06/2017;0.081097258
05/06/2017;0.076894087
05/06/2017;0.089878822
05/06/2017;0.09127207
05/06/2017;0.105586379
05/06/2017;0.151663076
05/06/2017;0.2184131
06/06/2017;0.172033613
06/06/2017;0.181909648
06/06/2017;0.243869602
06/06/2017;0.257876543
06/06/2017;0.222600445
06/06/2017;0.221245435
06/06/2017;0.223204357
06/06/2017;0.213844937
06/06/2017;0.189165844
06/06/2017;0.202847273
06/06/2017;0.206320175
06/06/2017;0.206462526
06/06/2017;0.210939463
06/06/2017;0.191173687
06/06/2017;0.19435841
06/06/2017;0.197380178
06/06/2017;0.210068425
06/06/2017;0.214165984
06/06/2017;0.198952319
06/06/2017;0.211057934
06/06/2017;0.209967618
06/06/2017;0.207944966
06/06/2017;0.224930182
06/06/2017;0.229732405
06/06/2017;0.223651308
06/06/2017;0.22682303
06/06/2017;0.195907828
06/06/2017;0.198897888
06/06/2017;0.208513298
06/06/2017;0.201744777
06/06/2017;0.195053013
06/06/2017;0.204979833
06/06/2017;0.19930321
06/06/2017;0.188475989
06/06/2017;0.192303794
06/06/2017;0.171071405
06/06/2017;0.180974203
06/06/2017;0.21444495
06/06/2017;0.243436641
06/06/2017;0.209998988
06/06/2017;0.21262705
06/06/2017;0.21243072
06/06/2017;0.210495028
06/06/2017;0.204909999
06/06/2017;0.20130215
06/06/2017;0.19235896
06/06/2017;0.19900983
06/06/2017;0.194459924
07/06/2017;0.178645539
07/06/2017;0.176249134
07/06/2017;0.181038045
07/06/2017;0.189952267
07/06/2017;0.185783717
07/06/2017;0.18539733
07/06/2017;0.187660485
07/06/2017;0.178063783
07/06/2017;0.181805166
07/06/2017;0.178363323
07/06/2017;0.179117925
07/06/2017;0.177153774
07/06/2017;0.198683979
07/06/2017;0.15203293
07/06/2017;0.169991998
07/06/2017;0.170042303
07/06/2017;0.167687724
07/06/2017;0.140270887
07/06/2017;0.120366348
07/06/2017;0.128176576
07/06/2017;0.112206134
07/06/2017;0.113919976
07/06/2017;0.107185227
07/06/2017;0.127913493
07/06/2017;0.125241513
07/06/2017;0.14935623
07/06/2017;0.179505866
07/06/2017;0.109502077
07/06/2017;0.113127222
07/06/2017;0.102748676
07/06/2017;0.109380159
07/06/2017;0.111897494
07/06/2017;0.126014117
07/06/2017;0.12586258
07/06/2017;0.122421246
07/06/2017;0.124374573
07/06/2017;0.12657982
07/06/2017;0.11940886
07/06/2017;0.097925568
07/06/2017;0.10379318
07/06/2017;0.105238174
07/06/2017;0.110039548
07/06/2017;0.119213717
07/06/2017;0.13542664
07/06/2017;0.110889814
07/06/2017;0.126392053
07/06/2017;0.090236835
07/06/2017;0.103933214
08/06/2017;0.088173148
08/06/2017;0.095807902
08/06/2017;0.098374582
08/06/2017;0.106150953
08/06/2017;0.101716549
08/06/2017;0.104998264
08/06/2017;0.108290521
08/06/2017;0.113320839
08/06/2017;0.110352258
08/06/2017;0.126189901
08/06/2017;0.13558705
08/06/2017;0.12834507
08/06/2017;0.106373453
08/06/2017;0.10807339
08/06/2017;0.110371673
08/06/2017;0.112990466
08/06/2017;0.113079376
08/06/2017;0.124153684
08/06/2017;0.128116974
08/06/2017;0.121154976
08/06/2017;0.115377207
08/06/2017;0.117323158
08/06/2017;0.120442625
08/06/2017;0.129835168
08/06/2017;0.122322756
08/06/2017;0.124160806
08/06/2017;0.119461398
08/06/2017;0.116374261
08/06/2017;0.114772474
08/06/2017;0.11405464
08/06/2017;0.116464046
08/06/2017;0.121919526
08/06/2017;0.113227973
08/06/2017;0.116885929
08/06/2017;0.118597567
08/06/2017;0.113289865
08/06/2017;0.120730776
08/06/2017;0.136176635
08/06/2017;0.138524855
08/06/2017;0.132446387
08/06/2017;0.142500862
08/06/2017;0.142607803
08/06/2017;0.130052383
08/06/2017;0.114225508
08/06/2017;0.123669316
08/06/2017;0.126041021
08/06/2017;0.125702763
08/06/2017;0.122107321
09/06/2017;0.124241039
09/06/2017;0.126968355
09/06/2017;0.138586888
09/06/2017;0.135956848
09/06/2017;0.130352715
09/06/2017;0.129595994
09/06/2017;0.109513947
09/06/2017;0.112098742
09/06/2017;0.11109417
09/06/2017;0.108571522
09/06/2017;0.103259609
09/06/2017;0.103432963
09/06/2017;0.101021805
09/06/2017;0.107199696
09/06/2017;0.10820359
09/06/2017;0.113032095
09/06/2017;0.114060858
09/06/2017;0.11928355
09/06/2017;0.122841885
09/06/2017;0.128435618
09/06/2017;0.119909535
09/06/2017;0.117359784
09/06/2017;0.123330888
09/06/2017;0.127267952
09/06/2017;0.132314605
09/06/2017;0.134361279
09/06/2017;0.132244969
09/06/2017;0.12752835
09/06/2017;0.129646948
09/06/2017;0.129880131
09/06/2017;0.136747623
09/06/2017;0.137448811
09/06/2017;0.143752408
09/06/2017;0.142979889
09/06/2017;0.135778491
09/06/2017;0.135665616
09/06/2017;0.13899416
09/06/2017;0.132133649
09/06/2017;0.127656938
09/06/2017;0.133349133
09/06/2017;0.134125326
09/06/2017;0.135676638
09/06/2017;0.133848678
09/06/2017;0.13666886
09/06/2017;0.129831127
09/06/2017;0.131916151
09/06/2017;0.135957385
09/06/2017;0.132239176
10/06/2017;0.135599627
10/06/2017;0.136648879
10/06/2017;0.137178465
10/06/2017;0.133188129
10/06/2017;0.132044569
10/06/2017;0.131231383
10/06/2017;0.127765518
10/06/2017;0.132551716
10/06/2017;0.122263379
10/06/2017;0.127976346
10/06/2017;0.12798002
10/06/2017;0.14397293
10/06/2017;0.135624581
10/06/2017;0.137568978
10/06/2017;0.13881425
10/06/2017;0.147104154
10/06/2017;0.156118223
10/06/2017;0.176842788
10/06/2017;0.19608398
10/06/2017;0.240194576
10/06/2017;0.269903648
10/06/2017;0.26291322
10/06/2017;0.264684941
10/06/2017;0.225862546
10/06/2017;0.26111126
10/06/2017;0.219702827
10/06/2017;0.208128155
10/06/2017;0.213423167
10/06/2017;0.205844879
10/06/2017;0.203411112
10/06/2017;0.203231427
10/06/2017;0.212726219
10/06/2017;0.210792109
10/06/2017;0.206432994
10/06/2017;0.20708512
10/06/2017;0.206077977
10/06/2017;0.203578587
10/06/2017;0.195166962
10/06/2017;0.19039755
10/06/2017;0.190265995
10/06/2017;0.174989675
10/06/2017;0.177027362
10/06/2017;0.19258813
10/06/2017;0.202985131
10/06/2017;0.203545211
10/06/2017;0.205269086
10/06/2017;0.208735035
10/06/2017;0.216534637
11/06/2017;0.178723625
11/06/2017;0.167206747
11/06/2017;0.159616673
11/06/2017;0.154722009
11/06/2017;0.158408932
11/06/2017;0.148785355
11/06/2017;0.137561234
11/06/2017;0.132600184
11/06/2017;0.133783281
11/06/2017;0.101886795
11/06/2017;0.106135268
11/06/2017;0.084773527
11/06/2017;0.077490766
11/06/2017;0.071928459
11/06/2017;0.071705394
11/06/2017;0.078542251
11/06/2017;0.077682376
11/06/2017;0.073113535
11/06/2017;0.079783792
11/06/2017;0.075159474
11/06/2017;0.067356028
11/06/2017;0.061470555
11/06/2017;0.073969763
11/06/2017;0.103076053
11/06/2017;0.074553469
11/06/2017;0.098546777
11/06/2017;0.082166293
11/06/2017;0.083504375
11/06/2017;0.097435096
11/06/2017;0.14736167
11/06/2017;0.113602292
11/06/2017;0.137456555
11/06/2017;0.114496023
11/06/2017;0.099954974
11/06/2017;0.10216805
11/06/2017;0.09058148
11/06/2017;0.098013036
11/06/2017;0.098378397
11/06/2017;0.092589577
11/06/2017;0.093115037
11/06/2017;0.092875891
11/06/2017;0.086093295
11/06/2017;0.09597973
11/06/2017;0.092410825
11/06/2017;0.113584205
11/06/2017;0.131256705
11/06/2017;0.167482152
11/06/2017;0.124055618
12/06/2017;0.128716619
12/06/2017;0.1306442
12/06/2017;0.132616236
12/06/2017;0.110348641
12/06/2017;0.11548556
12/06/2017;0.125389941
12/06/2017;0.133327231
12/06/2017;0.129154272
12/06/2017;0.112238182
12/06/2017;0.100889628
12/06/2017;0.093875121
12/06/2017;0.093239019
12/06/2017;0.088901042
12/06/2017;0.101169639
12/06/2017;0.089891794
12/06/2017;0.103046944
12/06/2017;0.114155815
12/06/2017;0.115529563
12/06/2017;0.125465257
12/06/2017;0.112391782
12/06/2017;0.089781576
12/06/2017;0.119042821
12/06/2017;0.086647695
12/06/2017;0.093043451
12/06/2017;0.119080663
12/06/2017;0.11160403
12/06/2017;0.105653669
12/06/2017;0.080987096
12/06/2017;0.072118035
12/06/2017;0.073451764
12/06/2017;0.106681302
12/06/2017;0.102610874
12/06/2017;0.144478042
12/06/2017;0.134280452
12/06/2017;0.102201991
12/06/2017;0.090460861
12/06/2017;0.106326568
12/06/2017;0.074982756
12/06/2017;0.026912771
12/06/2017;0.020349086
12/06/2017;0.053851514
12/06/2017;0.061989289
12/06/2017;0.014381487
12/06/2017;0.005115978
12/06/2017;0.002040061
12/06/2017;0
12/06/2017;0.017531658
12/06/2017;0.008952214
13/06/2017;0.029915369
13/06/2017;0
13/06/2017;0
13/06/2017;0
13/06/2017;0
13/06/2017;0
13/06/2017;0.00173886
13/06/2017;0.006033629
13/06/2017;0.011799254
13/06/2017;0.006691109
13/06/2017;0.009170399
13/06/2017;0.017991627
13/06/2017;0.025813732
13/06/2017;0.019451736
13/06/2017;0.026631632
13/06/2017;0.036415774
13/06/2017;0.043714588
13/06/2017;0.040428386
13/06/2017;0.040034627
13/06/2017;0.031280281
13/06/2017;0.024410369
13/06/2017;0.027877928
13/06/2017;0.028703941
13/06/2017;0.03491169
13/06/2017;0.028087909
13/06/2017;0.020364131
13/06/2017;0.015941638
13/06/2017;0.016413266
13/06/2017;0.015586667
13/06/2017;0.026193019
13/06/2017;0.030415905
13/06/2017;0.043576542
13/06/2017;0.00401623
13/06/2017;0.005615209
13/06/2017;0
13/06/2017;0
13/06/2017;0.006118855
13/06/2017;0.001360697
13/06/2017;0
13/06/2017;0
13/06/2017;0.024868488
13/06/2017;0.008262065
13/06/2017;0
13/06/2017;0.016416154
13/06/2017;0.007351491
13/06/2017;0.008551563
13/06/2017;0.040549019
13/06/2017;0.033913039
14/06/2017;0.038229396
14/06/2017;0.051181953
14/06/2017;0.02016632
14/06/2017;0.008911882
14/06/2017;0.012886256
14/06/2017;0.007818144
14/06/2017;0.037720413
14/06/2017;0.045056194
14/06/2017;0.013362961
14/06/2017;0.016473488
14/06/2017;0.030614548
14/06/2017;0.027335631
14/06/2017;0.030132994
14/06/2017;0.030025474
14/06/2017;0.038848653
14/06/2017;0.031175713
14/06/2017;0.013692239
14/06/2017;0.00356887
14/06/2017;0
14/06/2017;0.009113601
14/06/2017;0.009845995
14/06/2017;0.010407507
14/06/2017;0.028355166
14/06/2017;0.022021521
14/06/2017;0.022923081
14/06/2017;0.045793965
14/06/2017;0.001498349
14/06/2017;0
14/06/2017;0
14/06/2017;0
14/06/2017;0
14/06/2017;0
14/06/2017;0.01244899
14/06/2017;0.000406089
14/06/2017;0.003407342
14/06/2017;0
14/06/2017;0
14/06/2017;0.006886914
14/06/2017;0.00643618
14/06/2017;0.01048797
14/06/2017;0
14/06/2017;0.001567929
14/06/2017;0
14/06/2017;0.00940994
14/06/2017;0.006240499
14/06/2017;0
14/06/2017;0
14/06/2017;0.008136355
15/06/2017;0.005033501
15/06/2017;0.003821498
15/06/2017;0
15/06/2017;0.003015572
15/06/2017;0.007121834
15/06/2017;0.007830107
15/06/2017;0.009061957
15/06/2017;0.01544951
15/06/2017;0.012379846
15/06/2017;0.025262552
15/06/2017;0.053359826
15/06/2017;0.010150014
15/06/2017;0.016253661
15/06/2017;0.023822584
15/06/2017;0.032786007
15/06/2017;0.035816564
15/06/2017;0.030092421
15/06/2017;0
15/06/2017;0.008288891
15/06/2017;0.020141232
15/06/2017;0.046042049
15/06/2017;0.039073057
15/06/2017;0.027883948
15/06/2017;0.016329075
15/06/2017;0.036114125
15/06/2017;0.122096931
15/06/2017;0.051659408
15/06/2017;0.026138342
15/06/2017;0.025976466
15/06/2017;0.024674523
15/06/2017;0.023428347
15/06/2017;0.036220882
15/06/2017;0.040656811
15/06/2017;0
15/06/2017;0
15/06/2017;0.009316602
15/06/2017;0.001014898
15/06/2017;0.030208126
15/06/2017;0.017535556
15/06/2017;0.05239666
15/06/2017;0.065421836
15/06/2017;0.065292165
15/06/2017;0.051984072
15/06/2017;0.082122889
15/06/2017;0.07487974
15/06/2017;0.070005617
15/06/2017;0.06338182
15/06/2017;0.03213614
16/06/2017;0.036180546
16/06/2017;0.038531972
16/06/2017;0.029915191
16/06/2017;0.039950288
16/06/2017;0.045238587
16/06/2017;0.032731136
16/06/2017;0.031019817
16/06/2017;0.035606952
16/06/2017;0.035295141
16/06/2017;0.013325962
16/06/2017;0.023345762
16/06/2017;0.019530954
16/06/2017;0.053313041
16/06/2017;0.053737505
16/06/2017;0.025165149
16/06/2017;0
16/06/2017;0.013992199
16/06/2017;0.012854703
16/06/2017;0.006835811
16/06/2017;0.014417065
16/06/2017;0
16/06/2017;0
16/06/2017;0
16/06/2017;0
16/06/2017;0
16/06/2017;0
16/06/2017;0.002930614
16/06/2017;0
16/06/2017;0
16/06/2017;0
16/06/2017;0.004470333
16/06/2017;0.010357612
16/06/2017;0.014623032
16/06/2017;0.014409658
16/06/2017;0.017364032
16/06/2017;0.024368987
16/06/2017;0.04289455
16/06/2017;0.057577594
16/06/2017;0.065991756
16/06/2017;0.020229558
16/06/2017;0.031445147
16/06/2017;0.029786691
16/06/2017;0.026843948
16/06/2017;0.032193201
16/06/2017;0.024787449
16/06/2017;0.003258737
16/06/2017;0.012140573
16/06/2017;0.006230076
17/06/2017;0.015196343
17/06/2017;0.027717665
17/06/2017;0.026671587
17/06/2017;0.011739404
17/06/2017;0.011480863
17/06/2017;0.007014793
17/06/2017;0.007287785
17/06/2017;0.010131427
17/06/2017;0
17/06/2017;0
17/06/2017;0.004537347
17/06/2017;0.003921439
17/06/2017;0
17/06/2017;0
17/06/2017;0.000825353
17/06/2017;0.007807782
17/06/2017;0.025337159
17/06/2017;0.033994016
17/06/2017;0.037790548
17/06/2017;0.039614094
17/06/2017;0.045704304
17/06/2017;0.04636728
17/06/2017;0.046098286
17/06/2017;0.04081437
17/06/2017;0.050272944
17/06/2017;0.040188072
17/06/2017;0.033167503
17/06/2017;0.033102032
17/06/2017;0.033628632
17/06/2017;0.043735937
17/06/2017;0.050200254
17/06/2017;0.032593202
17/06/2017;0.047113239
17/06/2017;0.048107264
17/06/2017;0.059689597
17/06/2017;0.057478816
17/06/2017;0.053525043
17/06/2017;0.058268479
17/06/2017;0.053218361
17/06/2017;0.052118449
17/06/2017;0.055090553
17/06/2017;0.054845431
17/06/2017;0.064625212
17/06/2017;0.064529101
17/06/2017;0.052981146
17/06/2017;0.048662827
17/06/2017;0.063298012
17/06/2017;0.058720347
18/06/2017;0.071100444
18/06/2017;0.064791906
18/06/2017;0.072551193
18/06/2017;0.096329718
18/06/2017;0.0796622
18/06/2017;0.075439584
18/06/2017;0.088877178
18/06/2017;0.089543743
18/06/2017;0.082373389
18/06/2017;0.074754862
18/06/2017;0.074794248
18/06/2017;0.066900883
18/06/2017;0.098585686
18/06/2017;0.099590562
18/06/2017;0.065242099
18/06/2017;0.058854984
18/06/2017;0.057904577
18/06/2017;0.05491883
18/06/2017;0.058456811
18/06/2017;0.055426929
18/06/2017;0.065568463
18/06/2017;0.055590122
18/06/2017;0.048266073
18/06/2017;0.065675832
18/06/2017;0.063610624
18/06/2017;0.059999631
18/06/2017;0.069524191
18/06/2017;0.061004205
18/06/2017;0.062075496
18/06/2017;0.066942181
18/06/2017;0.065787822
18/06/2017;0.06361591
18/06/2017;0.061916086
18/06/2017;0.061635553
18/06/2017;0.059359495
18/06/2017;0.070611769
18/06/2017;0.076353097
18/06/2017;0.078677351
18/06/2017;0.073295132
18/06/2017;0.080097309
18/06/2017;0.070319698
18/06/2017;0.069945505
18/06/2017;0.058486226
18/06/2017;0.06501696
18/06/2017;0.0598301
18/06/2017;0.064446419
18/06/2017;0.075123104
18/06/2017;0.081081277
19/06/2017;0.080361124
19/06/2017;0.06977722
19/06/2017;0.067238979
19/06/2017;0.079144518
19/06/2017;0.069933
19/06/2017;0.070744558
19/06/2017;0.075299812
19/06/2017;0.078197807
19/06/2017;0.083372892
19/06/2017;0.094687822
19/06/2017;0.101726548
19/06/2017;0.102481767
19/06/2017;0.100495222
19/06/2017;0.09172296
19/06/2017;0.090820921
19/06/2017;0.092470573
19/06/2017;0.070139445
19/06/2017;0.068218113
19/06/2017;0.065143882
19/06/2017;0.080262242
19/06/2017;0.016777466
19/06/2017;0.01950752
19/06/2017;0.026860577
19/06/2017;0.024747302
19/06/2017;0.036206538
19/06/2017;0.052843523
19/06/2017;0.053528373
19/06/2017;0.003273693
19/06/2017;0
19/06/2017;0
19/06/2017;0.014234016
19/06/2017;0.008878266
19/06/2017;0.049439545
19/06/2017;0.050206057
19/06/2017;0.062501227
19/06/2017;0.034354311
19/06/2017;0.040520001
19/06/2017;0.036930022
19/06/2017;0.031889171
19/06/2017;0.042355407
19/06/2017;0.039768285
19/06/2017;0.028083732
19/06/2017;0.03281639
19/06/2017;0.028729986
19/06/2017;0.033999964
19/06/2017;0.04582864
19/06/2017;0.055175975
19/06/2017;0.050380452
20/06/2017;0.053361965
20/06/2017;0.061474463
20/06/2017;0.062826898
20/06/2017;0.05378965
20/06/2017;0.043509433
20/06/2017;0.044761215
20/06/2017;0.050621161
20/06/2017;0.020080805
20/06/2017;0.016634374
20/06/2017;0.017403633
20/06/2017;0.026976243
20/06/2017;0.022952533
20/06/2017;0.038501472
20/06/2017;0.047665131
20/06/2017;0.05566942
20/06/2017;0.042312511
20/06/2017;0.044167054
20/06/2017;0.036579487
20/06/2017;0.030254644
20/06/2017;0.028799407
20/06/2017;0.033568724
20/06/2017;0.041334753
20/06/2017;0.046443238
20/06/2017;0.049632866
20/06/2017;0.049199454
20/06/2017;0.044948554
20/06/2017;0.067787342
20/06/2017;0.09973561
20/06/2017;0.087179934
20/06/2017;0.092459769
20/06/2017;0.065441695
20/06/2017;0.077930589
20/06/2017;0.101594199
20/06/2017;0.111484113
20/06/2017;0.228247146
20/06/2017;0.16542638
20/06/2017;0.150859094
20/06/2017;0.153381563
20/06/2017;0.153185688
20/06/2017;0.157023124
20/06/2017;0.132689226
20/06/2017;0.12185983
20/06/2017;0.094238526
20/06/2017;0.103562657
20/06/2017;0.116725544
20/06/2017;0.100015213
20/06/2017;0.105696761
20/06/2017;0.098909107
21/06/2017;0.100472808
21/06/2017;0.08769686
21/06/2017;0.087237668
21/06/2017;0.089578845
21/06/2017;0.093412385
21/06/2017;0.104445341
21/06/2017;0.114009116
21/06/2017;0.096340995
21/06/2017;0.092620156
21/06/2017;0.078236334
21/06/2017;0.088263069
21/06/2017;0.077947662
21/06/2017;0.069584492
21/06/2017;0.068789603
21/06/2017;0.077393524
21/06/2017;0.072831365
21/06/2017;0.067671128
21/06/2017;0.064807788
21/06/2017;0.076612791
21/06/2017;0.067756112
21/06/2017;0.073630896
21/06/2017;0.083152094
21/06/2017;0.082630846
21/06/2017;0.084935705
21/06/2017;0.069912441
21/06/2017;0.056943194
21/06/2017;0.05983455
21/06/2017;0.066629974
21/06/2017;0.069098009
21/06/2017;0.078262561
21/06/2017;0.075970604
21/06/2017;0.091056519
21/06/2017;0.069428746
21/06/2017;0.078242827
21/06/2017;0.066971505
21/06/2017;0.065539111
21/06/2017;0.053408991
21/06/2017;0.064664155
21/06/2017;0.125141574
21/06/2017;0.095660233
21/06/2017;0.010723592
21/06/2017;0.027281157
21/06/2017;0.02339348
21/06/2017;0.009321598
21/06/2017;0
21/06/2017;0
21/06/2017;0
21/06/2017;0
22/06/2017;0
22/06/2017;0
22/06/2017;0.001891985
22/06/2017;0.002316211
22/06/2017;0.011110282
22/06/2017;0.017641766
22/06/2017;0.035325147
22/06/2017;0.011356806
22/06/2017;0.018243785
22/06/2017;0.010068252
22/06/2017;0.027657622
22/06/2017;0.019144798
22/06/2017;0.023621774
22/06/2017;0.035409589
22/06/2017;0.033345787
22/06/2017;0.018285694
22/06/2017;0.012358962
22/06/2017;0.00834845
22/06/2017;0
22/06/2017;0
22/06/2017;0.000234784
22/06/2017;0.002507184
22/06/2017;0.003938818
22/06/2017;0.009474978
22/06/2017;0.024000957
22/06/2017;0
22/06/2017;0
22/06/2017;0.009333501
22/06/2017;0.00522134
22/06/2017;0.011981384
22/06/2017;0.012556363
22/06/2017;0.012126027
22/06/2017;0.014284228
22/06/2017;0.010288068
22/06/2017;0.007822267
22/06/2017;0.020388184
22/06/2017;0.002286717
22/06/2017;0.001523154
22/06/2017;0.009646175
22/06/2017;0.011174982
22/06/2017;0.017700316
22/06/2017;0.027034304
22/06/2017;0.018368197
22/06/2017;0.013002791
22/06/2017;0.002346008
22/06/2017;0.007726295
22/06/2017;0.010011965
22/06/2017;0.007389601
23/06/2017;0.019269107
23/06/2017;0.019341384
23/06/2017;0.022828231
23/06/2017;0.020183545
23/06/2017;0.016830216
23/06/2017;0.010349526
23/06/2017;0.016416694
23/06/2017;0.015855711
23/06/2017;0.009918287
23/06/2017;0
23/06/2017;0.002634244
23/06/2017;0.006652039
23/06/2017;0
23/06/2017;0
23/06/2017;0
23/06/2017;0.00846506
23/06/2017;0.004518238
23/06/2017;0.005107162
23/06/2017;0.009950411
23/06/2017;0.011259939
23/06/2017;0.01128784
23/06/2017;0.013104282
23/06/2017;0.015840434
23/06/2017;0.014501168
23/06/2017;0.021418871
23/06/2017;0.017758942
23/06/2017;0.021424094
23/06/2017;0.020974962
23/06/2017;0.027987797
23/06/2017;0.028196371
23/06/2017;0.003041409
23/06/2017;0.017380019
23/06/2017;0.007217201
23/06/2017;0.013112821
23/06/2017;0.020669224
23/06/2017;0.030692678
23/06/2017;0.005996993
23/06/2017;0.017276418
23/06/2017;0.013540096
23/06/2017;0.016318251
23/06/2017;0.01406473
23/06/2017;0.013097792
23/06/2017;0.002908909
23/06/2017;0.002508502
23/06/2017;0
23/06/2017;0.000520254
23/06/2017;0.004872578
23/06/2017;0.008502839
24/06/2017;0.014578689
24/06/2017;0.011809513
24/06/2017;0.017967972
24/06/2017;0.024256788
24/06/2017;0.01841866
24/06/2017;0.017945193
24/06/2017;0.016768207
24/06/2017;0.01917313
24/06/2017;0.026364693
24/06/2017;0.028440671
24/06/2017;0.029676225
24/06/2017;0.036933242
24/06/2017;0.039207595
24/06/2017;0.029953881
24/06/2017;0.039329837
24/06/2017;0.036426407
24/06/2017;0.035813008
24/06/2017;0.03720095
24/06/2017;0.040511415
24/06/2017;0.046833919
24/06/2017;0.045350162
24/06/2017;0.049763918
24/06/2017;0.049409881
24/06/2017;0.051470466
24/06/2017;0.04559986
24/06/2017;0.06305128
24/06/2017;0.047004744
24/06/2017;0.045687026
24/06/2017;0.041402505
24/06/2017;0.043077411
24/06/2017;0.030577103
24/06/2017;0.024997145
24/06/2017;0.030187545
24/06/2017;0.028295294
24/06/2017;0.023694073
24/06/2017;0.028124451
24/06/2017;0.025627166
24/06/2017;0.025737164
24/06/2017;0.015960117
24/06/2017;0.008330715
24/06/2017;0.006116157
24/06/2017;0.011862919
24/06/2017;0.010478786
24/06/2017;0.010336309
24/06/2017;0.011431255
24/06/2017;0.010941878
24/06/2017;0.020367218
24/06/2017;0.034217473
25/06/2017;0.02355108
25/06/2017;0.030404356
25/06/2017;0.019872876
25/06/2017;0.022076738
25/06/2017;0.021912621
25/06/2017;0.026355403
25/06/2017;0.040706052
25/06/2017;0.037704636
25/06/2017;0.041032914
25/06/2017;0.035485647
25/06/2017;0.020060697
25/06/2017;0.027523527
25/06/2017;0.029129953
25/06/2017;0.0321014
25/06/2017;0.038031427
25/06/2017;0.042464404
25/06/2017;0.045131696
25/06/2017;0.045737763
25/06/2017;0.042343105
25/06/2017;0.040877589
25/06/2017;0.036339918
25/06/2017;0.053238143
25/06/2017;0.048061197
25/06/2017;0.047010066
25/06/2017;0.038574246
25/06/2017;0.04326258
25/06/2017;0.050702916
25/06/2017;0.061429994
25/06/2017;0.063323384
25/06/2017;0.048954245
25/06/2017;0.042247966
25/06/2017;0.047319523
25/06/2017;0.04353593
25/06/2017;0.052616344
25/06/2017;0.062208275
25/06/2017;0.061059015
25/06/2017;0.071161999
25/06/2017;0.105590695
25/06/2017;0.093964625
25/06/2017;0.11221819
25/06/2017;0.166059944
25/06/2017;0.147495996
25/06/2017;0.142520538
25/06/2017;0.086703265
25/06/2017;0.082422286
25/06/2017;0.067701993
25/06/2017;0.060452183
25/06/2017;0.044152781
26/06/2017;0.047665428
26/06/2017;0.021236597
26/06/2017;0
26/06/2017;0
26/06/2017;0.001623027
26/06/2017;0.006647747
26/06/2017;0.004851229
26/06/2017;0
26/06/2017;0
26/06/2017;0.017263885
26/06/2017;0.02097292
26/06/2017;0.06723854
26/06/2017;0.071446678
26/06/2017;0.107918424
26/06/2017;0.085709637
26/06/2017;0.092715377
26/06/2017;0.099424531
26/06/2017;0.087590043
26/06/2017;0.054893223
26/06/2017;0.063143411
26/06/2017;0.064577628
26/06/2017;0.067925766
26/06/2017;0.061306828
26/06/2017;0.064705541
26/06/2017;0.054231787
26/06/2017;0.037009765
26/06/2017;0.047069214
26/06/2017;0.037774345
26/06/2017;0.085401275
26/06/2017;0.086150325
26/06/2017;0.150750417
26/06/2017;0.07957363
26/06/2017;0.044538258
26/06/2017;0.031730843
26/06/2017;0.052834822
26/06/2017;0.06988295
26/06/2017;0.076981212
26/06/2017;0.065257032
26/06/2017;0.171217399
26/06/2017;0.089515953
26/06/2017;0.060477542
26/06/2017;0.029932913
26/06/2017;0
26/06/2017;0
26/06/2017;0.009150177
26/06/2017;0.001387757
26/06/2017;0
26/06/2017;0
27/06/2017;0.014762859
27/06/2017;0.03985716
27/06/2017;0.042149752
27/06/2017;0.060917808
27/06/2017;0.043216416
27/06/2017;0.039919786
27/06/2017;0.015467605
27/06/2017;0.025624423
27/06/2017;0.024428466
27/06/2017;0.042639782
27/06/2017;0.042565444
27/06/2017;0.06821542
27/06/2017;0.084237067
27/06/2017;0.089492768
27/06/2017;0.079561209
27/06/2017;0.083682821
27/06/2017;0.082542096
27/06/2017;0.078540414
27/06/2017;0.082638282
27/06/2017;0.066683491
27/06/2017;0.080805573
27/06/2017;0.108796693
27/06/2017;0.127740757
27/06/2017;0.13544305
27/06/2017;0.176108987
27/06/2017;0.177019318
27/06/2017;0.180652898
27/06/2017;0.161017112
27/06/2017;0.178879913
27/06/2017;0.12381757
27/06/2017;0.089244857
27/06/2017;0.093793056
27/06/2017;0.098372888
27/06/2017;0.076298999
27/06/2017;0.080299835
27/06/2017;0.097097386
27/06/2017;0.10008838
27/06/2017;0.117570288
27/06/2017;0.139905972
27/06/2017;0.151281207
27/06/2017;0.142015658
27/06/2017;0.131554968
27/06/2017;0.175857168
27/06/2017;0.197296333
27/06/2017;0.180419091
27/06/2017;0.207184677
27/06/2017;0.180227755
27/06/2017;0.16774601
28/06/2017;0.169684836
28/06/2017;0.149283721
28/06/2017;0.15223589
28/06/2017;0.148092183
28/06/2017;0.143519672
28/06/2017;0.153187685
28/06/2017;0.139967665
28/06/2017;0.131258753
28/06/2017;0.136161738
28/06/2017;0.141015427
28/06/2017;0.158473678
28/06/2017;0.150899483
28/06/2017;0.154883605
28/06/2017;0.129836092
28/06/2017;0.115695342
28/06/2017;0.098213274
28/06/2017;0.086027918
28/06/2017;0.097512553
28/06/2017;0.118776323
28/06/2017;0.092145295
28/06/2017;0.094428553
28/06/2017;0.074662454
28/06/2017;0.083927712
28/06/2017;0.078188661
28/06/2017;0.08119491
28/06/2017;0.096179384
28/06/2017;0.088211271
28/06/2017;0.06546045
28/06/2017;0.060583236
28/06/2017;0.071582056
28/06/2017;0.079694863
28/06/2017;0.099741805
28/06/2017;0.083503356
28/06/2017;0.088008282
28/06/2017;0.085856111
28/06/2017;0.087051659
28/06/2017;0.065391464
28/06/2017;0.062603781
28/06/2017;0.068402716
28/06/2017;0.076972854
28/06/2017;0.072126896
28/06/2017;0.086329223
28/06/2017;0.079203812
28/06/2017;0.071423973
28/06/2017;0.08436671
28/06/2017;0.096588148
28/06/2017;0.092026605
28/06/2017;0.079259788
29/06/2017;0.096520869
29/06/2017;0.08644679
29/06/2017;0.091963264
29/06/2017;0.09132291
29/06/2017;0.084144586
29/06/2017;0.090209589
29/06/2017;0.082446916
29/06/2017;0.078561168
29/06/2017;0.081266419
29/06/2017;0.076262523
29/06/2017;0.07615378
29/06/2017;0.077712676
29/06/2017;0.078246519
29/06/2017;0.083440307
29/06/2017;0.105007014
29/06/2017;0.11336814
29/06/2017;0.132797246
29/06/2017;0.18383463
29/06/2017;0.170805537
29/06/2017;0.175285406
29/06/2017;0.185669978
29/06/2017;0.157461619
29/06/2017;0.162664261
29/06/2017;0.165620645
29/06/2017;0.160272026
29/06/2017;0.172038393
29/06/2017;0.175229065
29/06/2017;0.173539534
29/06/2017;0.180540771
29/06/2017;0.164156695
29/06/2017;0.16127109
29/06/2017;0.15466851
29/06/2017;0.157468766
29/06/2017;0.160845465
29/06/2017;0.165614796
29/06/2017;0.161488678
29/06/2017;0.175549578
29/06/2017;0.205301242
29/06/2017;0.216008836
29/06/2017;0.212454568
29/06/2017;0.248313998
29/06/2017;0.1795128
29/06/2017;0.196033768
29/06/2017;0.197359922
29/06/2017;0.197319158
29/06/2017;0.208219852
29/06/2017;0.196216032
29/06/2017;0.1949272
30/06/2017;0.17979952
30/06/2017;0.166709463
30/06/2017;0.179195613
30/06/2017;0.211954227
30/06/2017;0.220934442
30/06/2017;0.220973193
30/06/2017;0.200791241
30/06/2017;0.21180046
30/06/2017;0.233041726
30/06/2017;0.23125509
30/06/2017;0.223294824
30/06/2017;0.235890519
30/06/2017;0.233277151
30/06/2017;0.228539454
30/06/2017;0.219057891
30/06/2017;0.201476706
30/06/2017;0.19569536
30/06/2017;0.209457113
30/06/2017;0.209275038
30/06/2017;0.197824764
30/06/2017;0.184739141
30/06/2017;0.193985439
30/06/2017;0.188397777
30/06/2017;0.182395663
30/06/2017;0.189498073
30/06/2017;0.189233916
30/06/2017;0.19203738
30/06/2017;0.190340775
30/06/2017;0.194537921
30/06/2017;0.199392018
30/06/2017;0.19677795
30/06/2017;0.201082351
30/06/2017;0.201103207
30/06/2017;0.207782021
30/06/2017;0.205421916
30/06/2017;0.204894535
30/06/2017;0.19072355
30/06/2017;0.193918452
30/06/2017;0.204681584
30/06/2017;0.201286945
30/06/2017;0.206799073
